participant_id,site,age,hba1c,egfr,bmi,systolic_bp,pregnant,on_insulin,prior_cardiac_event,months_since_cardiac_event
P-0001,Lyon,51,9.1,43,20.1,150,False,False,False,
P-0002,Lyon,57,6.2,100,37.4,135,False,False,False,
P-0003,Lyon,63,9.8,95,28.0,147,False,False,False,
P-0004,Lyon,72,9.0,93,31.4,142,False,False,False,
P-0005,Lyon,41,7.3,94,18.9,135,False,False,False,
P-0006,Lyon,59,8.4,84,26.4,128,False,False,False,
P-0007,Boston,66,9.0,86,33.5,155,False,True,False,
P-0008,Leeds,57,9.3,64,26.4,174,False,False,False,
P-0009,Boston,58,7.5,88,31.6,131,False,False,False,
P-0010,Osaka,52,7.4,110,25.2,103,False,False,False,
P-0011,Boston,56,9.6,70,39.7,133,False,False,False,
P-0012,Osaka,70,10.0,88,32.7,160,False,False,False,
P-0013,Boston,49,7.6,70,30.5,140,False,False,False,
P-0014,Lyon,40,8.4,93,17.9,129,False,False,False,
P-0015,Osaka,58,10.1,44,15,143,False,False,False,
P-0016,Osaka,55,7.7,60,34.0,155,False,False,False,
P-0017,Boston,56,5.2,81,37.2,,False,False,False,
P-0018,Leeds,53,9.9,106,37.8,106,False,True,False,
P-0019,Lyon,58,8.3,95,36.1,139,False,False,False,
P-0020,Lyon,50,9.4,80,21.3,131,False,False,False,
P-0021,Osaka,60,8.0,70,36.1,151,False,True,False,
P-0022,Lyon,60,8.2,71,34.6,,False,False,False,
P-0023,Osaka,47,7.1,104,30.7,129,False,True,False,
P-0024,Leeds,45,9.1,,40.5,139,False,False,False,
P-0025,Boston,71,9.1,43,28.8,133,False,False,False,
P-0026,Lyon,52,7.5,90,24.3,118,False,True,False,
P-0027,Leeds,46,9.8,68,20.0,150,False,True,False,
P-0028,Leeds,49,10.5,72,15,124,False,False,False,
P-0029,Lyon,61,7.2,76,30.1,165,False,False,False,
P-0030,Osaka,67,10.3,94,26.1,156,False,True,False,
P-0031,Lyon,60,8.1,43,34.9,150,False,False,False,
P-0032,Lyon,50,9.2,68,26.0,137,False,False,False,
P-0033,Lyon,50,7.8,73,44.2,132,False,True,False,
P-0034,Lyon,64,8.2,73,32.9,137,False,False,True,27
P-0035,Leeds,27,8.5,77,19.6,139,False,False,True,44
P-0036,Lyon,76,9.2,102,35.7,127,False,False,False,
P-0037,Boston,49,9.7,100,19.1,161,False,False,False,
P-0038,Osaka,53,10.9,65,31.6,134,False,False,False,
P-0039,Leeds,48,9.2,79,31.4,108,False,True,False,
P-0040,Osaka,53,6.8,63,37.2,111,False,True,False,
P-0041,Boston,40,8.9,86,30.8,125,False,False,False,
P-0042,Lyon,73,8.1,60,32.8,111,False,False,False,
P-0043,Lyon,62,9.3,78,18.7,136,False,True,False,
P-0044,Boston,47,7.3,75,30.3,133,False,False,False,
P-0045,Leeds,46,8.8,69,33.5,128,False,False,False,
P-0046,Lyon,53,12.0,80,29.4,130,False,False,False,
P-0047,Lyon,68,10.2,60,29.3,151,False,False,False,
P-0048,Lyon,40,7.3,,34.7,138,False,False,False,
P-0049,Lyon,46,8.3,107,37.8,154,False,True,False,
P-0050,Leeds,54,6.1,,44.1,150,False,False,False,
P-0051,Lyon,44,6.9,81,34.6,135,False,False,False,
P-0052,Osaka,60,8.1,84,16.1,115,False,False,True,59
P-0053,Osaka,47,8.8,71,28.3,143,False,False,False,
P-0054,Lyon,59,7.9,90,27.3,121,False,False,False,
P-0055,Osaka,81,8.1,75,27.0,152,False,False,False,
P-0056,Lyon,52,7.5,89,37.4,133,False,False,False,
P-0057,Osaka,67,,89,34.6,149,False,True,False,
P-0058,Boston,65,9.7,106,45.3,127,True,False,False,
P-0059,Osaka,58,10.6,76,28.3,,False,False,False,
P-0060,Boston,67,9.9,82,29.2,132,False,False,False,
P-0061,Lyon,50,10.9,77,32.5,157,False,False,False,
P-0062,Osaka,84,8.2,71,30.0,135,False,False,False,
P-0063,Boston,55,5.2,57,35.5,133,False,False,False,
P-0064,Lyon,50,9.3,84,36.0,126,False,False,False,
P-0065,Boston,56,8.7,99,28.0,145,False,True,False,
P-0066,Leeds,62,9.9,40,31.6,132,False,True,False,
P-0067,Boston,39,10.3,85,36.3,90,False,False,False,
P-0068,Boston,32,8.9,84,24.9,144,False,True,False,
P-0069,Leeds,84,9.3,55,27.1,121,False,False,False,
P-0070,Leeds,65,9.3,94,33.8,127,False,False,False,
P-0071,Leeds,63,8.6,100,36.8,127,False,False,False,
P-0072,Osaka,65,,57,33.3,156,False,False,False,
P-0073,Lyon,60,6.4,50,39.7,105,False,False,False,
P-0074,Osaka,57,9.3,44,32.0,133,False,False,False,
P-0075,Leeds,35,8.5,61,25.0,121,False,False,False,
P-0076,Osaka,70,7.3,119,37.4,132,False,True,False,
P-0077,Boston,51,7.3,55,20.4,115,False,False,False,
P-0078,Boston,71,9.5,95,37.2,154,False,True,False,
P-0079,Leeds,48,8.2,83,29.8,144,False,False,False,
P-0080,Osaka,74,9.4,79,27.9,141,False,False,False,
P-0081,Boston,50,7.4,32,22.4,121,False,False,False,
P-0082,Leeds,63,9.6,70,35.2,132,False,False,False,
P-0083,Leeds,37,7.7,76,15.5,127,False,False,False,
P-0084,Boston,68,6.2,72,31.7,130,False,False,False,
P-0085,Boston,84,9.2,121,25.2,130,False,False,False,
P-0086,Boston,29,8.7,75,26.2,117,False,False,False,
P-0087,Osaka,51,9.0,60,36.3,145,False,False,False,
P-0088,Osaka,55,7.1,84,38.7,126,False,False,False,
P-0089,Osaka,45,9.4,77,25.1,123,False,False,True,48
P-0090,Boston,59,8.5,68,31.8,121,False,True,False,
P-0091,Osaka,40,8.2,92,21.2,115,False,True,False,
P-0092,Lyon,35,8.9,79,36.5,138,False,False,False,
P-0093,Lyon,42,8.5,51,30.4,170,False,False,False,
P-0094,Osaka,65,9.9,98,29.5,,False,False,False,
P-0095,Lyon,27,7.8,82,39.4,123,False,False,False,
P-0096,Lyon,56,9.1,70,26.0,137,False,False,False,
P-0097,Lyon,49,11.6,73,36.6,140,False,False,False,
P-0098,Lyon,65,11.0,68,29.3,159,False,False,False,
P-0099,Lyon,60,9.1,60,32.4,93,False,False,False,
P-0100,Osaka,32,5.4,90,40.4,137,False,False,False,
P-0101,Boston,50,7.6,61,38.9,144,False,True,False,
P-0102,Osaka,50,7.3,64,24.3,161,False,False,False,
P-0103,Leeds,84,9.9,68,26.0,141,False,True,False,
P-0104,Osaka,50,5.9,96,33.0,108,False,True,False,
P-0105,Leeds,57,11.1,64,39.7,131,False,False,False,
P-0106,Lyon,32,5.2,82,33.0,116,False,False,False,
P-0107,Boston,76,6.8,68,33.6,151,False,False,True,26
P-0108,Leeds,73,,,24.9,119,False,False,False,
P-0109,Boston,66,6.2,86,29.3,132,False,False,False,
P-0110,Leeds,62,9.7,52,23.1,152,False,False,False,
P-0111,Boston,61,8.4,78,34.8,131,False,False,False,
P-0112,Osaka,50,7.1,94,36.1,143,False,True,False,
P-0113,Lyon,70,7.2,83,25.8,148,False,True,False,
P-0114,Osaka,32,10.4,99,25.6,133,False,False,False,
P-0115,Osaka,56,9.5,119,27.6,118,False,False,False,
P-0116,Lyon,38,10.8,106,39.3,133,False,False,False,
P-0117,Osaka,73,8.9,55,28.4,123,False,False,False,
P-0118,Lyon,65,10.2,84,29.3,158,False,False,False,
P-0119,Osaka,59,9.9,39,24.9,108,False,False,False,
P-0120,Boston,46,8.5,98,25.8,153,False,True,False,
P-0121,Leeds,65,8.0,72,29.7,123,False,False,False,
P-0122,Leeds,43,10.7,76,17.8,124,False,False,True,17
P-0123,Lyon,61,7.4,62,25.1,151,False,False,False,
P-0124,Lyon,70,10.1,50,28.0,138,False,False,False,
P-0125,Lyon,71,8.0,92,29.0,116,False,False,False,
P-0126,Osaka,60,,103,34.6,136,False,True,False,
P-0127,Lyon,64,9.4,63,30.0,139,False,True,False,
P-0128,Leeds,48,10.4,78,30.3,97,False,False,False,
P-0129,Osaka,57,9.4,69,31.8,153,False,True,False,
P-0130,Leeds,51,7.9,40,32.5,156,False,False,False,
P-0131,Osaka,76,,49,32.3,144,False,False,False,
P-0132,Leeds,58,7.0,,31.4,142,False,False,False,
P-0133,Boston,32,7.4,,47.1,145,False,False,False,
P-0134,Osaka,60,8.4,97,36.9,99,False,False,False,
P-0135,Osaka,57,6.8,,31.7,115,False,True,False,
P-0136,Osaka,57,9.4,93,19.2,127,False,False,False,
P-0137,Boston,44,10.6,89,31.2,135,False,False,False,
P-0138,Lyon,49,9.7,89,40.2,115,False,False,True,54
P-0139,Osaka,51,8.4,95,32.7,121,False,True,False,
P-0140,Boston,24,6.3,90,25.7,144,False,True,False,
P-0141,Leeds,57,7.1,91,33.1,136,False,False,False,
P-0142,Lyon,72,9.7,116,25.2,125,False,False,False,
P-0143,Osaka,33,9.1,92,35.9,144,False,False,False,
P-0144,Boston,55,6.9,71,,124,False,False,False,
P-0145,Lyon,46,7.8,57,32.9,128,False,False,False,
P-0146,Leeds,42,7.8,88,27.5,117,False,False,False,
P-0147,Lyon,53,9.3,74,36.0,141,False,False,False,
P-0148,Boston,62,11.5,75,31.2,147,False,False,False,
P-0149,Lyon,59,5.3,96,24.5,134,False,False,False,
P-0150,Boston,41,11.1,,32.0,132,False,False,False,
P-0151,Boston,54,6.6,69,21.0,150,False,True,False,
P-0152,Boston,56,9.5,62,20.8,134,False,False,False,
P-0153,Lyon,45,6.0,30,36.3,127,False,False,False,
P-0154,Boston,58,10.9,58,18.3,137,False,True,False,
P-0155,Leeds,63,7.6,71,27.4,138,False,True,False,
P-0156,Leeds,74,11.1,55,34.5,128,False,False,False,
P-0157,Boston,60,7.4,83,28.6,137,False,False,False,
P-0158,Boston,84,8.1,68,39.1,169,False,True,False,
P-0159,Boston,26,9.6,91,30.7,148,False,False,False,
P-0160,Leeds,45,7.7,89,26.4,122,False,False,True,23
P-0161,Leeds,63,7.8,87,22.7,121,False,False,False,
P-0162,Leeds,56,9.5,89,31.1,131,False,False,False,
P-0163,Leeds,84,8.0,48,18.1,132,False,False,False,
P-0164,Boston,61,8.2,59,19.2,157,False,True,False,
P-0165,Boston,63,10.4,115,31.4,118,False,False,False,
P-0166,Boston,55,8.7,34,40.0,116,False,False,False,
P-0167,Lyon,75,8.0,90,25.9,118,False,True,False,
P-0168,Leeds,28,9.0,47,38.1,173,False,False,False,
P-0169,Lyon,46,5.2,51,28.7,139,False,False,True,17
P-0170,Lyon,50,8.5,80,26.8,160,False,False,False,
P-0171,Osaka,50,8.6,60,23.7,143,False,False,False,
P-0172,Boston,38,9.4,82,20.5,107,False,False,False,
P-0173,Lyon,65,8.8,61,37.6,137,False,False,False,
P-0174,Boston,84,7.3,93,25.8,121,False,False,False,
P-0175,Leeds,74,6.6,71,30.8,127,False,False,False,
P-0176,Leeds,38,8.7,82,22.7,127,False,True,False,
P-0177,Osaka,55,5.9,60,33.9,179,False,False,False,
P-0178,Boston,36,7.5,85,30.2,137,False,False,True,30
P-0179,Boston,68,7.8,64,30.1,130,False,False,True,39
P-0180,Lyon,77,9.6,82,35.6,153,False,True,False,
P-0181,Boston,53,7.8,101,48.0,128,False,True,False,
P-0182,Lyon,61,7.9,50,33.4,141,False,True,False,
P-0183,Lyon,57,8.0,84,30.9,138,False,True,False,
P-0184,Boston,52,7.6,71,26.8,123,False,False,True,57
P-0185,Leeds,34,9.7,70,32.3,130,False,False,False,
P-0186,Osaka,72,9.3,99,19.8,113,False,False,False,
P-0187,Osaka,56,8.5,116,24.7,124,False,False,False,
P-0188,Leeds,63,8.5,82,42.5,111,False,False,False,
P-0189,Leeds,70,6.1,81,34.3,139,False,False,False,
P-0190,Lyon,59,7.4,50,39.7,143,False,False,False,
P-0191,Osaka,77,7.3,86,27.1,143,False,True,False,
P-0192,Boston,61,8.8,78,25.0,129,False,False,False,
P-0193,Lyon,49,7.6,68,21.0,148,False,False,False,
P-0194,Leeds,35,5.8,73,,140,False,False,False,
P-0195,Leeds,60,6.6,86,34.1,133,False,True,False,
P-0196,Boston,43,8.4,57,35.3,136,False,False,False,
P-0197,Lyon,51,6.6,95,24.3,127,False,False,False,
P-0198,Osaka,52,7.9,69,30.5,146,False,False,False,
P-0199,Lyon,78,9.6,91,28.1,134,False,False,False,
P-0200,Osaka,57,10.9,48,36.7,162,False,True,False,
P-0201,Lyon,65,8.9,89,32.2,134,False,False,False,
P-0202,Boston,60,8.4,61,32.5,147,False,False,False,
P-0203,Osaka,39,8.3,103,34.0,130,False,False,False,
P-0204,Osaka,47,11.4,63,22.6,130,False,False,False,
P-0205,Boston,60,12.1,,29.6,125,False,False,True,15
P-0206,Lyon,57,5.2,45,35.7,139,False,False,False,
P-0207,Boston,63,8.7,77,23.0,131,False,False,False,
P-0208,Leeds,43,,62,21.1,108,False,True,False,
P-0209,Boston,65,,52,31.1,141,False,False,False,
P-0210,Boston,66,5.4,39,34.2,112,False,False,False,
P-0211,Osaka,64,8.6,95,27.2,127,True,False,False,
P-0212,Leeds,42,9.5,60,36.0,147,False,False,False,
P-0213,Boston,60,11.3,79,29.4,129,False,False,False,
P-0214,Osaka,65,7.9,61,29.0,120,False,False,False,
P-0215,Lyon,61,9.9,,27.7,127,False,True,False,
P-0216,Boston,41,10.2,49,40.4,119,True,False,False,
P-0217,Boston,37,11.8,90,34.8,123,False,False,True,49
P-0218,Leeds,49,8.3,70,26.7,163,False,False,False,
P-0219,Boston,54,9.8,74,26.5,124,False,True,False,
P-0220,Lyon,70,7.1,45,38.4,102,False,False,False,
P-0221,Leeds,49,7.6,51,37.9,145,False,True,False,
P-0222,Lyon,49,9.3,94,31.1,174,False,False,False,
P-0223,Lyon,48,8.3,62,35.6,,False,False,False,
P-0224,Lyon,76,5.2,72,25.7,98,False,False,False,
P-0225,Leeds,49,7.9,74,30.7,135,False,False,False,
P-0226,Osaka,60,6.7,84,23.2,135,False,False,False,
P-0227,Lyon,77,6.2,114,29.3,126,False,False,False,
P-0228,Boston,58,8.5,58,17.0,148,False,False,False,
P-0229,Osaka,65,7.4,37,26.7,147,False,False,True,34
P-0230,Leeds,39,8.0,64,36.2,157,False,False,False,
P-0231,Lyon,54,7.3,98,30.7,138,False,False,False,
P-0232,Lyon,63,7.6,105,35.3,144,False,True,False,
P-0233,Lyon,57,7.4,73,36.6,122,False,False,False,
P-0234,Osaka,62,9.0,76,46.9,135,False,False,False,
P-0235,Boston,48,7.8,90,36.5,103,False,False,False,
P-0236,Lyon,46,7.3,61,28.2,149,False,False,False,
P-0237,Boston,63,7.0,82,31.0,148,False,False,False,
P-0238,Boston,48,9.1,96,30.5,,False,False,True,1
P-0239,Leeds,62,8.9,110,25.3,110,False,False,False,
P-0240,Osaka,37,9.2,,34.2,121,False,True,False,
P-0241,Osaka,84,8.6,99,30.7,132,False,False,False,
P-0242,Boston,34,10.2,85,36.1,143,False,False,False,
P-0243,Lyon,69,10.1,81,32.7,122,False,False,False,
P-0244,Osaka,55,11.7,98,28.1,144,False,False,False,
P-0245,Leeds,35,10.2,90,26.5,97,False,False,False,
P-0246,Osaka,44,8.9,93,18.0,151,False,False,False,
P-0247,Osaka,46,10.4,76,39.8,132,False,False,False,
P-0248,Boston,61,9.5,99,32.1,159,False,False,False,
P-0249,Osaka,40,8.5,105,20.0,135,False,False,False,
P-0250,Lyon,51,10.4,91,33.6,141,False,True,False,
P-0251,Leeds,47,6.4,75,35.7,152,False,False,False,
P-0252,Lyon,68,9.3,,33.8,131,False,True,False,
P-0253,Leeds,71,,91,37.1,166,False,False,False,
P-0254,Osaka,40,7.8,87,28.3,134,False,False,False,
P-0255,Osaka,55,6.6,99,23.6,151,False,True,False,
P-0256,Boston,69,9.2,81,33.6,144,False,False,False,
P-0257,Boston,63,8.8,66,39.0,128,True,False,False,
P-0258,Osaka,54,9.2,,27.9,130,False,False,False,
P-0259,Osaka,58,11.1,76,28.1,131,False,False,False,
P-0260,Boston,74,9.1,96,33.3,156,False,False,False,
P-0261,Osaka,58,9.1,80,22.4,132,False,False,False,
P-0262,Lyon,33,9.7,97,37.8,119,False,False,True,10
P-0263,Boston,47,6.1,50,31.5,119,False,False,False,
P-0264,Boston,59,6.6,48,35.0,143,False,False,False,
P-0265,Leeds,73,9.0,65,36.7,141,False,False,False,
P-0266,Lyon,46,10.9,59,30.6,125,False,False,False,
P-0267,Boston,74,8.3,86,29.8,,False,True,True,49
P-0268,Osaka,65,9.9,92,46.2,152,False,False,False,
P-0269,Osaka,30,6.7,87,35.1,138,False,True,False,
P-0270,Osaka,44,9.0,39,47.9,135,False,False,False,
P-0271,Osaka,55,11.4,77,39.6,126,False,False,False,
P-0272,Boston,48,6.2,85,28.2,115,False,True,False,
P-0273,Lyon,37,6.8,39,28.6,123,False,False,False,
P-0274,Boston,58,10.6,77,40.3,116,False,True,False,
P-0275,Lyon,46,7.9,80,29.2,138,False,True,False,
P-0276,Osaka,60,8.8,49,17.4,126,False,False,False,
P-0277,Boston,40,8.6,117,30.7,116,False,False,False,
P-0278,Boston,34,9.3,73,28.8,153,False,False,False,
P-0279,Boston,34,8.9,85,31.4,116,False,False,False,
P-0280,Boston,37,10.7,78,35.1,145,False,False,False,
P-0281,Leeds,43,7.9,57,29.0,129,False,True,True,53
P-0282,Osaka,67,9.7,73,33.5,111,False,False,False,
P-0283,Osaka,66,8.3,66,30.3,143,False,False,False,
P-0284,Lyon,42,6.7,86,35.8,120,False,False,False,
P-0285,Lyon,36,,88,31.8,135,False,False,False,
P-0286,Leeds,45,8.7,50,37.8,148,False,False,False,
P-0287,Osaka,24,7.9,15,39.2,143,False,False,False,
P-0288,Lyon,57,7.5,60,26.6,150,False,True,False,
P-0289,Boston,33,9.3,30,29.4,122,False,False,False,
P-0290,Leeds,64,10.2,71,37.3,144,False,False,False,
P-0291,Leeds,52,7.5,58,29.1,99,False,False,False,
P-0292,Boston,48,9.7,109,31.6,147,False,False,False,
P-0293,Osaka,47,9.8,58,38.8,132,False,True,False,
P-0294,Leeds,64,,89,23.8,153,False,False,False,
P-0295,Osaka,58,9.2,82,31.3,118,False,False,False,
P-0296,Osaka,55,11.0,52,23.3,139,False,True,False,
P-0297,Osaka,57,7.8,77,38.5,146,False,False,False,
P-0298,Boston,25,7.5,115,34.7,146,False,False,False,
P-0299,Leeds,63,10.9,72,22.9,138,False,False,False,
P-0300,Lyon,71,11.0,85,33.0,144,True,False,False,
P-0301,Leeds,64,7.4,89,29.2,143,False,True,False,
P-0302,Leeds,62,7.9,,26.9,144,False,True,False,
P-0303,Osaka,46,6.7,70,33.8,118,False,False,False,
P-0304,Osaka,49,9.5,69,32.8,132,False,False,False,
P-0305,Boston,68,8.6,30,32.0,127,False,False,False,
P-0306,Boston,60,8.4,79,31.4,164,False,False,False,
P-0307,Leeds,60,6.6,53,29.7,131,False,False,False,
P-0308,Lyon,38,6.8,59,48.5,132,False,True,False,
P-0309,Boston,54,6.6,76,28.2,149,False,False,False,
P-0310,Leeds,57,7.9,46,33.4,148,False,False,False,
P-0311,Boston,57,10.0,95,29.5,113,False,False,False,
P-0312,Osaka,32,7.0,99,35.2,129,False,True,False,
P-0313,Boston,33,8.4,74,24.6,147,False,True,False,
P-0314,Lyon,61,7.2,61,33.2,109,False,False,False,
P-0315,Boston,51,8.9,81,28.4,132,False,False,False,
P-0316,Lyon,70,5.3,97,33.3,157,False,False,True,46
P-0317,Osaka,58,8.3,108,23.6,128,False,False,False,
P-0318,Boston,63,7.7,61,39.1,125,False,True,False,
P-0319,Boston,59,7.1,59,24.0,136,False,False,False,
P-0320,Boston,42,8.9,94,15,149,False,False,False,
P-0321,Boston,70,8.8,54,31.2,117,False,True,False,
P-0322,Boston,50,10.4,72,35.9,127,False,True,False,
P-0323,Leeds,69,8.3,44,24.7,125,False,False,False,
P-0324,Leeds,65,6.9,72,27.3,165,False,False,False,
P-0325,Lyon,53,10.6,37,26.3,142,False,False,False,
P-0326,Osaka,68,8.9,83,32.6,159,False,False,False,
P-0327,Leeds,43,,87,28.5,130,False,True,False,
P-0328,Lyon,71,8.9,68,36.8,172,False,True,False,
P-0329,Lyon,67,8.5,94,42.0,111,False,False,False,
P-0330,Osaka,33,7.5,54,34.9,171,False,False,False,
P-0331,Osaka,70,7.8,93,35.8,146,False,True,False,
P-0332,Boston,56,6.7,76,21.3,141,False,False,False,
P-0333,Boston,17,8.0,57,32.4,135,False,False,False,
P-0334,Boston,58,9.5,84,21.4,156,False,False,False,
P-0335,Leeds,35,8.9,110,33.7,122,False,False,False,
P-0336,Leeds,66,6.3,90,35.4,,False,False,False,
P-0337,Boston,46,,85,21.7,129,False,False,False,
P-0338,Boston,54,9.4,78,34.7,122,False,False,False,
P-0339,Leeds,75,7.8,39,30.1,137,False,False,False,
P-0340,Leeds,29,9.4,57,38.5,134,False,True,False,
P-0341,Osaka,48,10.2,95,22.4,120,False,True,False,
P-0342,Boston,62,7.6,102,33.8,129,False,False,False,
P-0343,Lyon,41,8.1,90,33.9,130,False,False,False,
P-0344,Lyon,52,7.8,75,27.4,138,False,False,False,
P-0345,Leeds,71,8.5,47,24.7,130,False,False,False,
P-0346,Lyon,76,9.7,101,28.6,139,False,False,False,
P-0347,Boston,76,6.2,80,38.6,131,False,True,False,
P-0348,Lyon,66,9.5,88,40.5,164,False,False,False,
P-0349,Boston,64,9.4,106,18.4,120,False,False,True,54
P-0350,Boston,49,7.4,77,33.7,125,False,True,False,
P-0351,Lyon,61,9.8,72,37.6,126,False,False,False,
P-0352,Boston,72,7.4,59,33.6,132,False,False,False,
P-0353,Osaka,58,9.4,84,40.2,139,False,False,False,
P-0354,Boston,35,7.1,102,23.1,143,False,False,False,
P-0355,Leeds,34,7.6,80,44.6,138,False,False,False,
P-0356,Osaka,64,7.2,,32.3,126,False,False,False,
P-0357,Osaka,52,7.8,106,29.7,147,False,False,False,
P-0358,Leeds,66,7.8,71,41.2,145,False,False,False,
P-0359,Leeds,54,11.2,30,32.7,143,False,False,True,11
P-0360,Leeds,63,6.3,114,,136,False,False,False,
P-0361,Lyon,75,5.4,80,33.3,117,False,False,False,
P-0362,Leeds,50,8.6,93,30.4,137,False,False,False,
P-0363,Osaka,54,6.0,46,18.9,145,False,True,False,
P-0364,Leeds,61,8.9,65,29.0,150,False,False,False,
P-0365,Osaka,50,9.8,48,31.7,101,False,False,False,
P-0366,Leeds,55,9.3,,36.0,147,False,False,False,
P-0367,Boston,59,6.7,98,30.7,144,False,False,False,
P-0368,Osaka,55,7.4,70,40.5,157,False,False,True,22
P-0369,Osaka,60,6.8,74,28.8,112,False,False,False,
P-0370,Leeds,71,9.4,88,31.6,136,False,False,False,
P-0371,Leeds,49,11.0,69,31.8,138,False,False,True,7
P-0372,Boston,68,9.8,60,34.4,115,False,False,False,
P-0373,Boston,42,10.2,100,43.0,130,False,False,False,
P-0374,Boston,66,7.8,101,23.6,149,False,False,False,
P-0375,Boston,37,8.8,53,26.0,,False,False,True,22
P-0376,Osaka,68,8.5,54,28.0,167,False,True,False,
P-0377,Osaka,44,,77,32.4,138,False,True,False,
P-0378,Osaka,62,,78,20.2,165,False,False,False,
P-0379,Osaka,64,9.2,80,36.1,160,False,False,False,
P-0380,Boston,57,9.0,51,26.9,115,False,False,False,
P-0381,Osaka,64,10.6,93,29.4,124,False,False,False,
P-0382,Boston,67,8.7,,38.9,134,False,False,False,
P-0383,Leeds,56,7.2,44,29.5,130,False,False,False,
P-0384,Leeds,43,,76,30.0,122,False,False,False,
P-0385,Leeds,61,,84,43.5,136,False,True,True,38
P-0386,Lyon,52,9.3,85,26.7,132,False,True,False,
P-0387,Leeds,53,10.5,64,34.0,128,False,False,False,
P-0388,Leeds,47,9.7,,25.5,116,False,False,False,
P-0389,Lyon,52,8.8,83,21.3,133,False,False,False,
P-0390,Osaka,74,7.7,92,33.3,136,False,True,False,
P-0391,Leeds,72,6.4,79,31.0,134,False,False,False,
P-0392,Leeds,50,8.1,68,25.6,164,False,False,False,
P-0393,Boston,31,8.9,,34.1,136,False,False,False,
P-0394,Lyon,44,6.9,71,34.2,144,False,True,False,
P-0395,Leeds,52,7.4,111,33.2,128,False,False,False,
P-0396,Osaka,49,8.9,76,31.9,169,False,False,False,
P-0397,Leeds,50,6.2,81,27.3,105,False,False,False,
P-0398,Boston,57,8.1,59,24.9,145,False,False,False,
P-0399,Osaka,69,8.7,72,30.1,153,False,True,False,
P-0400,Leeds,40,6.0,72,28.2,127,False,False,False,
P-0401,Leeds,66,8.7,74,25.2,128,False,False,False,
P-0402,Leeds,70,9.7,86,20.5,140,False,False,False,
P-0403,Boston,50,10.7,65,38.4,150,False,True,False,
P-0404,Boston,51,6.8,84,28.7,110,False,False,False,
P-0405,Leeds,44,6.6,114,36.0,150,False,False,False,
P-0406,Lyon,47,8.5,,26.1,135,False,False,False,
P-0407,Leeds,61,,75,23.6,139,False,False,False,
P-0408,Lyon,56,9.6,84,33.6,124,False,True,False,
P-0409,Leeds,73,6.7,73,25.8,98,False,False,False,
P-0410,Leeds,48,6.8,101,23.6,125,False,False,False,
P-0411,Leeds,64,9.6,79,29.3,127,False,False,False,
P-0412,Osaka,60,8.1,42,36.7,130,False,False,False,
P-0413,Boston,53,8.1,57,35.5,119,False,False,False,
P-0414,Lyon,51,8.2,59,35.5,141,False,False,False,
P-0415,Leeds,75,7.9,79,34.5,118,False,False,False,
P-0416,Osaka,55,10.5,76,34.1,148,False,True,False,
P-0417,Lyon,54,8.0,68,20.2,151,False,False,False,
P-0418,Boston,56,8.9,63,37.8,149,False,False,False,
P-0419,Boston,51,9.1,77,33.9,121,False,False,False,
P-0420,Boston,66,10.3,83,36.7,132,False,True,False,
P-0421,Boston,50,6.3,64,24.1,145,False,False,False,
P-0422,Boston,45,,63,28.1,176,False,False,False,
P-0423,Lyon,42,7.4,68,27.8,129,False,False,False,
P-0424,Boston,52,9.3,51,20.6,168,False,False,True,30
P-0425,Boston,47,6.1,68,30.6,126,False,False,False,
P-0426,Osaka,61,,96,36.7,133,False,True,False,
P-0427,Osaka,57,11.3,52,16.3,116,False,False,False,
P-0428,Osaka,65,8.2,93,29.7,148,False,False,False,
P-0429,Lyon,60,8.9,58,37.1,135,False,True,True,57
P-0430,Osaka,82,8.0,89,28.4,134,False,False,False,
P-0431,Osaka,55,5.7,70,27.3,144,False,False,False,
P-0432,Boston,72,9.1,80,21.1,137,False,True,False,
P-0433,Lyon,67,9.7,59,25.1,148,False,False,False,
P-0434,Lyon,58,7.7,79,36.9,136,False,False,False,
P-0435,Leeds,71,10.3,42,28.5,121,False,False,False,
P-0436,Boston,75,8.8,39,31.8,144,False,True,False,
P-0437,Leeds,45,10.2,79,25.3,133,False,True,False,
P-0438,Boston,56,7.9,91,27.8,93,False,False,False,
P-0439,Osaka,61,9.4,105,23.0,142,False,False,False,
P-0440,Leeds,45,11.6,79,28.9,131,False,False,False,
P-0441,Leeds,53,6.7,76,28.5,130,False,True,False,
P-0442,Osaka,46,10.9,107,32.3,103,False,False,False,
P-0443,Osaka,63,9.6,75,33.9,120,False,False,False,
P-0444,Boston,53,8.0,125,26.4,150,False,True,False,
P-0445,Leeds,57,8.2,77,34.9,125,False,False,False,
P-0446,Boston,60,9.7,65,34.4,159,False,False,False,
P-0447,Leeds,55,6.4,78,27.1,121,False,True,False,
P-0448,Boston,43,8.5,51,36.6,146,False,True,False,
P-0449,Leeds,67,9.2,88,29.2,130,False,True,False,
P-0450,Osaka,48,9.7,125,24.0,134,False,False,False,
P-0451,Boston,30,9.9,75,32.6,118,False,False,False,
P-0452,Lyon,72,9.1,47,34.4,135,False,False,True,31
P-0453,Lyon,58,8.8,65,31.4,115,False,False,False,
P-0454,Boston,61,9.9,77,22.7,148,False,False,False,
P-0455,Boston,48,9.3,57,20.6,133,False,False,False,
P-0456,Lyon,31,8.1,96,21.8,162,False,False,False,
P-0457,Boston,75,7.4,98,25.6,123,False,False,False,
P-0458,Boston,52,8.7,71,41.1,122,False,False,False,
P-0459,Leeds,50,11.5,62,39.0,139,False,False,False,
P-0460,Lyon,56,6.3,78,28.6,127,False,False,False,
P-0461,Osaka,50,8.5,55,31.9,126,False,True,True,4
P-0462,Boston,52,6.4,100,25.9,170,True,False,False,
P-0463,Boston,48,9.1,71,35.5,141,False,True,False,
P-0464,Lyon,27,6.0,69,38.0,141,False,False,False,
P-0465,Boston,71,8.2,92,31.3,143,False,False,False,
P-0466,Osaka,63,10.2,96,32.5,144,False,False,False,
P-0467,Boston,56,5.9,93,35.4,90,False,True,False,
P-0468,Boston,40,8.2,50,34.5,129,False,True,False,
P-0469,Lyon,43,8.5,68,,121,False,False,False,
P-0470,Leeds,45,9.9,62,35.7,118,False,False,False,
P-0471,Osaka,52,7.5,95,36.5,,False,True,False,
P-0472,Osaka,53,7.0,82,24.4,135,False,True,False,
P-0473,Leeds,51,9.9,74,32.4,169,False,False,False,
P-0474,Lyon,45,7.1,69,19.2,119,False,False,False,
P-0475,Leeds,48,7.6,70,26.4,140,False,False,False,
P-0476,Osaka,62,8.2,61,32.6,135,False,False,False,
P-0477,Lyon,53,9.1,62,20.5,156,False,False,False,
P-0478,Lyon,48,8.1,72,28.1,153,False,False,False,
P-0479,Boston,37,8.3,84,25.3,134,False,True,False,
P-0480,Leeds,59,7.9,92,41.2,131,False,False,False,
P-0481,Leeds,64,10.4,82,30.8,137,False,False,False,
P-0482,Lyon,62,6.4,49,23.0,130,False,False,True,3
P-0483,Osaka,52,6.9,76,32.9,133,False,False,False,
P-0484,Leeds,24,6.5,83,32.4,120,True,False,False,
P-0485,Boston,39,8.5,58,30.8,133,False,False,False,
P-0486,Osaka,50,,118,33.9,152,False,False,False,
P-0487,Lyon,44,8.3,67,22.6,191,False,False,False,
P-0488,Boston,50,8.2,91,28.9,149,False,False,False,
P-0489,Lyon,54,,77,32.8,137,False,True,False,
P-0490,Boston,50,10.6,,29.1,146,False,False,False,
P-0491,Boston,63,10.6,82,23.1,131,False,False,False,
P-0492,Osaka,56,7.7,55,,122,False,False,True,52
P-0493,Lyon,56,9.7,61,37.8,150,False,False,True,12
P-0494,Leeds,42,6.9,,27.4,106,False,False,False,
P-0495,Osaka,53,7.7,56,34.1,149,False,False,False,
P-0496,Leeds,84,5.2,29,29.4,159,False,False,False,
P-0497,Osaka,57,10.1,85,34.4,151,False,False,False,
P-0498,Boston,65,8.0,,35.6,122,False,False,False,
P-0499,Boston,42,7.5,98,25.2,121,False,False,False,
P-0500,Boston,48,8.0,98,32.3,140,False,False,False,
P-0501,Boston,64,10.8,57,37.5,129,False,False,True,47
P-0502,Leeds,51,10.6,84,23.5,143,False,False,False,
P-0503,Leeds,42,7.2,78,21.4,165,False,True,False,
P-0504,Boston,66,8.1,107,15,114,False,False,False,
P-0505,Leeds,84,10.5,78,,145,False,False,False,
P-0506,Lyon,62,7.7,94,32.9,159,False,False,False,
P-0507,Leeds,51,8.5,62,22.2,150,False,False,False,
P-0508,Lyon,41,8.1,96,25.7,137,False,False,False,
P-0509,Leeds,64,8.6,51,39.3,139,False,False,False,
P-0510,Boston,52,8.4,81,44.3,132,False,False,False,
P-0511,Osaka,52,8.2,73,32.4,144,False,False,False,
P-0512,Lyon,49,9.2,97,29.1,131,False,True,True,49
P-0513,Boston,76,9.6,76,28.5,153,False,False,False,
P-0514,Lyon,76,8.7,103,34.0,125,False,False,False,
P-0515,Osaka,50,8.9,114,38.7,154,False,False,False,
P-0516,Lyon,56,7.5,110,,167,False,False,False,
P-0517,Boston,60,6.7,109,36.0,135,False,False,False,
P-0518,Leeds,68,10.5,,38.9,129,False,False,False,
P-0519,Boston,61,8.6,124,29.7,160,False,False,False,
P-0520,Boston,72,7.3,68,20.5,147,False,False,False,
P-0521,Lyon,65,7.5,45,20.5,133,False,False,False,
P-0522,Boston,59,8.2,95,22.7,127,False,False,False,
P-0523,Lyon,67,7.1,86,27.4,129,False,False,False,
P-0524,Boston,67,7.9,54,31.0,142,False,False,False,
P-0525,Osaka,44,6.4,97,25.4,157,False,False,False,
P-0526,Leeds,34,8.9,72,32.2,153,False,False,False,
P-0527,Boston,56,8.1,86,42.8,161,False,False,False,
P-0528,Boston,69,9.4,74,28.4,142,False,False,False,
P-0529,Lyon,56,7.9,81,17.6,135,False,False,False,
P-0530,Leeds,56,8.4,91,38.6,144,False,False,False,
P-0531,Lyon,47,9.9,97,34.6,155,False,True,True,22
P-0532,Boston,53,9.3,69,25.3,105,False,False,False,
P-0533,Osaka,68,9.3,70,30.1,135,False,False,False,
P-0534,Boston,34,10.7,112,33.9,156,False,False,False,
P-0535,Lyon,57,8.1,73,29.9,114,False,True,True,35
P-0536,Leeds,64,7.0,78,27.8,131,True,True,False,
P-0537,Lyon,61,8.3,60,26.6,95,False,False,False,
P-0538,Osaka,54,11.3,96,32.8,120,False,False,False,
P-0539,Osaka,39,10.8,116,34.4,120,False,False,False,
P-0540,Leeds,54,9.7,120,42.5,103,False,False,False,
P-0541,Leeds,54,6.7,100,43.9,136,False,False,False,
P-0542,Leeds,59,7.0,94,24.4,101,False,False,False,
P-0543,Lyon,70,8.3,83,35.8,143,False,False,False,
P-0544,Leeds,65,9.8,61,28.8,165,False,False,False,
P-0545,Osaka,36,9.0,99,30.6,159,False,False,False,
P-0546,Leeds,78,8.8,121,33.7,129,False,False,False,
P-0547,Boston,66,8.6,47,34.8,107,False,False,False,
P-0548,Osaka,49,9.3,61,24.5,131,False,True,False,
P-0549,Boston,72,8.0,66,34.2,137,False,False,False,
P-0550,Boston,57,9.1,92,28.4,116,False,False,False,
P-0551,Leeds,49,9.1,97,34.1,163,False,False,False,
P-0552,Lyon,49,7.3,90,39.6,139,False,False,False,
P-0553,Osaka,55,8.2,91,29.3,133,False,False,False,
P-0554,Lyon,73,9.6,105,33.9,155,False,False,False,
P-0555,Boston,78,7.3,69,22.5,142,False,False,False,
P-0556,Lyon,45,,62,25.5,121,False,False,False,
P-0557,Lyon,30,6.1,48,36.6,149,False,False,False,
P-0558,Leeds,84,9.4,106,34.4,135,False,False,False,
P-0559,Lyon,38,8.9,56,27.2,149,False,False,False,
P-0560,Osaka,50,10.2,72,37.3,142,False,False,False,
P-0561,Osaka,58,8.4,75,26.4,132,False,False,False,
P-0562,Boston,65,,82,44.3,160,False,False,False,
P-0563,Boston,65,7.0,54,25.5,158,False,False,False,
P-0564,Lyon,59,10.3,68,37.8,113,False,True,True,53
P-0565,Boston,45,7.4,87,38.2,90,False,False,False,
P-0566,Lyon,53,7.8,125,37.4,124,False,False,False,
P-0567,Leeds,52,9.1,82,21.7,139,False,True,False,
P-0568,Osaka,45,8.4,65,36.0,115,False,True,False,
P-0569,Osaka,54,10.1,76,33.3,114,False,False,False,
P-0570,Leeds,59,6.3,86,27.7,117,False,True,False,
P-0571,Boston,63,8.6,55,15,110,False,True,True,47
P-0572,Leeds,34,7.5,80,31.3,137,True,True,True,44
P-0573,Lyon,50,,55,37.5,137,False,False,True,2
P-0574,Leeds,47,8.6,100,31.8,149,False,False,False,
P-0575,Leeds,62,7.1,85,20.3,140,False,False,False,
P-0576,Osaka,41,8.3,77,42.0,114,False,False,False,
P-0577,Osaka,38,7.2,73,15,144,False,False,False,
P-0578,Leeds,29,,50,44.6,133,False,False,False,
P-0579,Leeds,52,9.0,75,24.7,147,False,False,False,
P-0580,Leeds,54,7.6,125,32.9,131,False,False,False,
P-0581,Lyon,80,8.8,93,31.4,152,False,False,False,
P-0582,Osaka,56,8.2,89,31.4,156,False,False,False,
P-0583,Lyon,48,7.9,80,42.1,108,False,False,False,
P-0584,Leeds,56,9.9,72,36.2,129,False,False,False,
P-0585,Leeds,61,6.0,69,42.2,128,False,True,False,
P-0586,Boston,52,9.4,89,41.3,116,False,False,False,
P-0587,Osaka,35,12.6,93,42.8,139,False,True,False,
P-0588,Osaka,57,7.7,68,28.6,116,False,False,False,
P-0589,Lyon,71,7.2,58,32.8,139,False,False,False,
P-0590,Leeds,46,7.5,76,34.8,138,False,True,False,
P-0591,Osaka,60,9.7,117,32.3,129,False,False,False,
P-0592,Lyon,42,6.2,79,30.3,124,False,False,True,46
P-0593,Osaka,17,11.5,55,25.4,137,False,False,False,
P-0594,Boston,61,9.4,97,35.3,157,False,True,False,
P-0595,Leeds,70,8.6,67,29.0,151,False,False,False,
P-0596,Lyon,73,7.7,81,22.9,134,False,False,False,
P-0597,Osaka,46,8.0,68,30.1,152,False,False,False,
P-0598,Lyon,58,8.6,68,26.2,114,False,True,False,
P-0599,Leeds,60,9.6,96,31.1,122,False,False,False,
P-0600,Leeds,38,8.5,80,28.4,117,False,False,False,
