txn_id,amount,account_age_days,txns_last_hour,failed_attempts_24h,avg_amount_90d,billing_country,ip_country,card_present,device_seen_before,email_domain
TXN-000001,27.57,605,3,0,10.78,US,US,False,False,gmail.com
TXN-000002,8.85,433,1,0,123.42,US,US,False,True,gmail.com
TXN-000003,105.04,587,0,0,59.18,US,US,False,True,outlook.com
TXN-000004,16.37,227,0,1,34.58,US,US,False,False,outlook.com
TXN-000005,75.82,290,2,0,60.67,US,US,False,False,mailinator.com
TXN-000006,157.21,852,2,0,34.82,FR,FR,False,True,outlook.com
TXN-000007,121.16,367,0,0,,FR,FR,False,True,icloud.com
TXN-000008,80.76,482,0,0,52.26,AU,AU,False,True,gmail.com
TXN-000009,73.05,231,1,0,56.22,GB,GB,False,True,gmail.com
TXN-000010,10.54,217,2,0,69.89,FR,FR,False,True,yahoo.com
TXN-000011,256.56,722,1,0,226.0,CA,CA,False,True,yahoo.com
TXN-000012,33.94,390,3,0,27.07,US,US,False,True,outlook.com
TXN-000013,13.7,884,2,0,119.21,DE,DE,True,True,gmail.com
TXN-000014,574.58,84,1,0,83.12,US,US,True,True,gmail.com
TXN-000015,21.24,370,0,0,66.04,DE,DE,False,True,outlook.com
TXN-000016,47.99,469,2,0,27.65,GB,GB,True,True,gmail.com
TXN-000017,1536.04,289,1,0,93.42,CA,GB,False,False,outlook.com
TXN-000018,20.77,105,0,1,64.57,AU,AU,False,False,gmail.com
TXN-000019,20.66,102,3,0,47.23,AU,AU,False,True,outlook.com
TXN-000020,16.76,940,1,0,45.27,DE,DE,False,True,yahoo.com
TXN-000021,29.55,5,2,0,56.48,US,US,True,False,example.com
TXN-000022,2128.41,4,0,0,28.91,AU,AU,False,False,gmail.com
TXN-000023,46.19,782,0,1,,FR,FR,False,True,outlook.com
TXN-000024,71.91,118,2,0,42.05,US,US,False,True,icloud.com
TXN-000025,63.48,21,0,0,87.49,US,US,False,False,gmail.com
TXN-000026,11.84,638,3,0,42.92,US,US,False,True,outlook.com
TXN-000027,13.31,922,1,0,31.92,FR,FR,False,True,yahoo.com
TXN-000028,21.38,573,10,0,43.09,GB,GB,False,False,icloud.com
TXN-000029,48.94,603,1,0,62.89,US,US,False,False,icloud.com
TXN-000030,63.86,55,0,0,55.15,US,US,False,True,yahoo.com
TXN-000031,48.57,430,3,0,91.44,US,US,False,True,gmail.com
TXN-000032,29.45,648,0,0,39.32,DE,DE,False,True,icloud.com
TXN-000033,88.85,115,2,0,229.32,US,US,False,True,gmail.com
TXN-000034,166.51,1004,1,0,56.84,US,US,False,True,outlook.com
TXN-000035,67.85,256,0,0,,AU,CA,False,True,outlook.com
TXN-000036,176.61,53,2,0,155.53,US,US,False,True,outlook.com
TXN-000037,1.54,238,2,6,145.31,US,US,False,True,gmail.com
TXN-000038,149.83,35,0,1,79.13,FR,FR,False,False,yahoo.com
TXN-000039,358.26,367,0,0,55.27,US,US,False,True,yahoo.com
TXN-000040,128.86,129,1,0,60.68,DE,DE,False,True,gmail.com
TXN-000041,670.7,560,1,0,112.34,US,US,False,False,mailinator.com
TXN-000042,107.85,164,4,0,40.61,US,US,True,True,gmail.com
TXN-000043,79.27,510,3,1,51.89,US,US,False,True,example.com
TXN-000044,44.3,848,3,0,40.29,GB,GB,False,True,outlook.com
TXN-000045,312.34,126,3,1,95.11,DE,DE,False,True,icloud.com
TXN-000046,9.74,2140,0,0,58.01,AU,AU,False,True,gmail.com
TXN-000047,131.16,234,3,0,220.63,US,US,False,True,outlook.com
TXN-000048,113.81,60,2,1,27.73,US,US,False,True,yahoo.com
TXN-000049,99.38,6,1,0,,US,US,False,True,gmail.com
TXN-000050,83.45,99,0,0,102.95,DE,DE,True,True,gmail.com
TXN-000051,186.4,1059,0,0,53.23,GB,GB,False,True,tempmail.io
TXN-000052,23.34,1067,0,0,172.54,US,US,False,True,outlook.com
TXN-000053,39.93,1238,4,0,135.59,FR,FR,False,True,outlook.com
TXN-000054,138.06,789,16,1,54.75,US,US,False,True,outlook.com
TXN-000055,197.17,152,1,0,102.0,DE,DE,False,True,gmail.com
TXN-000056,24.46,828,0,0,93.82,FR,FR,False,True,yahoo.com
TXN-000057,36.97,1058,1,0,75.51,FR,FR,False,True,gmail.com
TXN-000058,27.79,326,0,0,54.82,US,DE,False,True,guerrillamail.com
TXN-000059,84.71,233,0,0,70.43,US,US,False,True,example.com
TXN-000060,248.53,571,3,1,47.87,US,US,False,True,icloud.com
TXN-000061,259.41,72,2,0,102.7,CA,CA,False,True,yahoo.com
TXN-000062,311.54,1195,2,0,87.59,US,US,False,True,gmail.com
TXN-000063,65.89,620,1,0,83.85,US,US,False,True,example.com
TXN-000064,20.7,343,2,0,114.29,US,US,False,True,example.com
TXN-000065,150.88,1197,3,0,,GB,GB,False,True,gmail.com
TXN-000066,1691.99,1,1,0,43.4,US,CA,False,False,icloud.com
TXN-000067,12.95,372,2,0,40.11,DE,DE,False,True,icloud.com
TXN-000068,18.71,255,2,0,28.06,FR,FR,False,True,yahoo.com
TXN-000069,123.56,55,1,0,60.62,CA,CA,False,True,gmail.com
TXN-000070,104.41,144,0,0,58.02,FR,FR,False,True,gmail.com
TXN-000071,179.43,133,11,0,25.55,US,US,False,True,yahoo.com
TXN-000072,15.8,47,3,0,69.22,DE,DE,False,True,gmail.com
TXN-000073,49.31,195,0,0,39.76,US,US,False,True,icloud.com
TXN-000074,110.91,2298,1,0,310.17,AU,AU,False,True,yahoo.com
TXN-000075,54.65,18,1,0,182.09,US,US,True,True,yahoo.com
TXN-000076,50.78,59,3,0,110.22,US,US,False,True,outlook.com
TXN-000077,50.68,1250,0,1,33.8,US,US,False,True,icloud.com
TXN-000078,92.84,15,3,0,73.26,CA,CA,False,True,gmail.com
TXN-000079,43.82,580,1,1,344.59,US,US,False,True,icloud.com
TXN-000080,236.63,83,0,0,52.99,GB,GB,False,False,gmail.com
TXN-000081,60.53,684,1,0,99.0,AU,AU,False,True,icloud.com
TXN-000082,92.47,158,0,0,32.5,CA,CA,False,True,gmail.com
TXN-000083,127.85,213,1,0,201.34,CA,CA,False,False,icloud.com
TXN-000084,31.94,39,2,1,83.51,CA,CA,False,True,outlook.com
TXN-000085,13.1,479,3,0,,US,US,False,True,yahoo.com
TXN-000086,23.58,215,0,0,80.04,GB,GB,False,True,gmail.com
TXN-000087,81.5,889,2,0,141.55,US,US,False,True,outlook.com
TXN-000088,32.22,674,1,0,48.49,DE,DE,False,True,outlook.com
TXN-000089,17.5,145,0,0,127.23,US,US,False,True,example.com
TXN-000090,80.96,59,4,0,38.21,GB,GB,False,True,gmail.com
TXN-000091,771.45,326,2,0,77.78,US,US,False,True,tempmail.io
TXN-000092,269.55,257,1,0,94.69,CA,AU,False,False,tempmail.io
TXN-000093,12.47,256,0,0,275.39,US,US,False,True,outlook.com
TXN-000094,10.1,49,0,0,45.91,US,US,False,True,outlook.com
TXN-000095,31.08,886,0,0,163.55,GB,GB,False,True,outlook.com
TXN-000096,196.18,1219,2,0,56.55,US,US,False,True,yahoo.com
TXN-000097,54.38,658,1,0,57.62,AU,AU,True,True,outlook.com
TXN-000098,97.79,60,1,0,40.16,DE,DE,False,True,icloud.com
TXN-000099,35.33,11,0,0,,US,US,False,True,yahoo.com
TXN-000100,88.96,132,1,0,93.21,US,US,False,True,yahoo.com
TXN-000101,89.71,832,4,0,,DE,DE,False,False,gmail.com
TXN-000102,122.92,391,0,0,155.03,DE,DE,True,True,outlook.com
TXN-000103,71.01,323,1,0,58.87,US,US,False,True,outlook.com
TXN-000104,49.33,50,2,0,107.24,DE,DE,False,True,gmail.com
TXN-000105,274.72,303,1,0,156.65,US,US,False,True,example.com
TXN-000106,245.76,366,1,0,95.01,CA,CA,False,True,gmail.com
TXN-000107,49.52,10,4,0,,US,US,False,True,gmail.com
TXN-000108,42.37,125,2,0,138.2,US,CA,True,False,yahoo.com
TXN-000109,50.08,398,0,0,51.76,CA,CA,False,True,yahoo.com
TXN-000110,69.3,781,0,0,31.81,US,US,False,True,yahoo.com
TXN-000111,172.32,371,2,1,63.72,CA,CA,False,True,icloud.com
TXN-000112,9.23,62,2,0,120.02,US,US,False,True,gmail.com
TXN-000113,142.8,218,1,0,96.19,US,US,True,True,example.com
TXN-000114,57.05,192,1,0,95.07,AU,AU,False,True,yahoo.com
TXN-000115,13.82,877,1,0,41.11,DE,DE,False,True,gmail.com
TXN-000116,52.55,62,1,0,86.85,CA,CA,False,True,gmail.com
TXN-000117,101.56,511,1,0,39.37,US,US,False,True,yahoo.com
TXN-000118,3069.61,219,0,0,143.46,US,AU,False,False,gmail.com
TXN-000119,49.24,57,2,0,138.0,US,US,False,True,guerrillamail.com
TXN-000120,180.99,306,3,0,79.97,DE,DE,False,False,outlook.com
TXN-000121,120.05,449,0,0,55.24,DE,DE,False,True,yahoo.com
TXN-000122,139.32,36,2,1,68.52,GB,GB,False,True,icloud.com
TXN-000123,20.64,109,2,1,34.54,FR,FR,False,False,icloud.com
TXN-000124,37.08,348,2,0,20.91,US,US,False,True,gmail.com
TXN-000125,49.74,243,0,0,33.46,AU,AU,False,True,yahoo.com
TXN-000126,80.87,366,1,1,39.26,AU,AU,False,True,outlook.com
TXN-000127,19.82,1247,0,0,78.96,AU,AU,False,True,yahoo.com
TXN-000128,131.74,169,0,0,71.83,US,US,False,True,gmail.com
TXN-000129,58.36,296,14,0,49.35,US,US,True,False,outlook.com
TXN-000130,371.64,1489,0,0,20.34,FR,FR,False,True,yahoo.com
TXN-000131,66.14,565,1,0,187.01,FR,FR,False,True,outlook.com
TXN-000132,205.2,27,1,1,,US,AU,False,True,yahoo.com
TXN-000133,93.81,346,3,0,33.84,GB,GB,False,True,gmail.com
TXN-000134,43.06,214,1,0,20.35,GB,GB,False,True,outlook.com
TXN-000135,50.28,331,2,0,,US,US,False,True,yahoo.com
TXN-000136,14.38,31,2,0,51.69,AU,AU,False,True,gmail.com
TXN-000137,55.49,44,1,0,29.03,DE,DE,False,True,yahoo.com
TXN-000138,255.48,387,3,0,32.47,DE,DE,False,True,gmail.com
TXN-000139,60.77,299,13,2,77.39,GB,GB,False,True,icloud.com
TXN-000140,261.83,362,0,0,87.11,GB,GB,False,True,yahoo.com
TXN-000141,93.76,757,1,0,82.1,FR,FR,True,True,outlook.com
TXN-000142,20.53,359,3,0,231.23,US,US,False,True,icloud.com
TXN-000143,33.3,13,0,0,,CA,CA,False,True,tempmail.io
TXN-000144,3.2,416,2,5,27.12,FR,FR,False,True,outlook.com
TXN-000145,101.34,1191,3,0,108.04,GB,GB,False,True,gmail.com
TXN-000146,34.94,44,1,0,,US,US,False,True,yahoo.com
TXN-000147,31.67,132,0,0,60.45,FR,FR,False,True,yahoo.com
TXN-000148,134.22,936,2,0,106.56,US,DE,False,True,gmail.com
TXN-000149,89.87,374,1,0,113.82,US,US,True,True,yahoo.com
TXN-000150,67.64,1182,1,1,30.89,DE,DE,False,True,outlook.com
TXN-000151,241.87,810,0,0,189.62,FR,FR,False,True,outlook.com
TXN-000152,87.16,112,3,0,71.89,US,US,False,True,yahoo.com
TXN-000153,14.3,265,1,1,196.06,GB,FR,False,False,gmail.com
TXN-000154,237.41,389,1,0,42.44,US,US,False,True,gmail.com
TXN-000155,44.61,54,1,0,114.54,US,US,False,True,icloud.com
TXN-000156,69.31,248,4,0,160.88,CA,CA,False,True,gmail.com
TXN-000157,403.56,284,0,0,166.07,CA,CA,False,True,outlook.com
TXN-000158,33.37,596,2,0,118.3,US,US,False,True,gmail.com
TXN-000159,87.03,307,1,0,48.89,US,US,False,True,gmail.com
TXN-000160,380.75,274,2,0,122.3,US,US,False,True,outlook.com
TXN-000161,168.15,1690,1,0,33.63,DE,DE,False,False,outlook.com
TXN-000162,143.47,257,0,0,53.32,CA,CA,False,True,gmail.com
TXN-000163,190.25,1709,1,0,86.02,CA,CA,False,True,outlook.com
TXN-000164,424.03,462,1,0,89.06,GB,GB,False,True,yahoo.com
TXN-000165,44.15,653,3,0,100.35,GB,GB,False,True,icloud.com
TXN-000166,9.4,1089,1,0,43.12,DE,DE,False,True,gmail.com
TXN-000167,114.47,146,1,0,62.67,CA,CA,False,True,gmail.com
TXN-000168,80.47,240,1,0,67.34,FR,FR,False,True,icloud.com
TXN-000169,33.11,639,1,0,206.24,AU,AU,False,True,example.com
TXN-000170,61.44,512,2,0,39.3,DE,DE,False,True,gmail.com
TXN-000171,191.32,59,1,0,54.71,US,US,False,True,gmail.com
TXN-000172,15.48,484,3,0,81.04,US,US,False,True,gmail.com
TXN-000173,274.16,92,2,0,125.17,DE,DE,False,True,outlook.com
TXN-000174,21.91,65,1,0,27.75,US,US,False,True,icloud.com
TXN-000175,1.59,86,1,5,231.52,AU,AU,False,True,example.com
TXN-000176,29.27,172,2,0,82.02,CA,CA,False,True,gmail.com
TXN-000177,79.24,286,1,0,44.83,US,US,False,True,icloud.com
TXN-000178,59.01,185,1,0,108.44,US,US,False,False,yahoo.com
TXN-000179,78.61,505,0,0,61.14,US,US,False,True,outlook.com
TXN-000180,12.61,256,1,0,220.92,CA,CA,False,False,outlook.com
TXN-000181,66.23,778,2,0,33.49,US,US,False,True,guerrillamail.com
TXN-000182,58.93,187,2,0,71.01,FR,FR,False,True,tempmail.io
TXN-000183,117.26,24,1,0,,FR,FR,False,True,yahoo.com
TXN-000184,21.55,123,1,0,107.73,US,US,True,True,gmail.com
TXN-000185,68.63,50,0,0,46.74,FR,FR,False,False,example.com
TXN-000186,21.51,1026,0,2,79.9,US,US,False,True,yahoo.com
TXN-000187,34.63,74,4,0,39.59,US,US,False,True,outlook.com
TXN-000188,145.2,453,4,0,68.12,US,US,False,True,yahoo.com
TXN-000189,42.83,604,3,0,39.97,US,US,False,True,outlook.com
TXN-000190,60.94,191,3,0,54.64,US,US,False,True,yahoo.com
TXN-000191,321.63,105,1,0,175.54,US,US,False,True,gmail.com
TXN-000192,51.77,2204,0,0,,DE,DE,False,False,outlook.com
TXN-000193,85.08,274,4,1,98.4,GB,GB,False,True,example.com
TXN-000194,74.63,346,0,0,124.73,US,US,False,True,outlook.com
TXN-000195,362.44,1982,4,0,43.74,FR,FR,False,True,yahoo.com
TXN-000196,49.66,789,0,0,138.39,US,US,False,False,gmail.com
TXN-000197,24.85,304,1,0,116.91,AU,AU,False,True,icloud.com
TXN-000198,110.43,1110,1,0,43.15,US,US,False,True,icloud.com
TXN-000199,15.61,957,0,0,45.71,US,US,False,True,yahoo.com
TXN-000200,18.86,230,1,0,44.63,US,US,False,True,gmail.com
TXN-000201,16.72,1438,1,0,68.21,FR,FR,False,True,gmail.com
TXN-000202,259.87,128,1,0,90.57,DE,DE,False,True,yahoo.com
TXN-000203,21.9,21,1,0,251.97,US,US,False,True,outlook.com
TXN-000204,26.46,136,1,0,47.59,US,US,False,True,icloud.com
TXN-000205,161.22,26,2,0,,US,US,False,True,yahoo.com
TXN-000206,57.16,154,3,0,39.84,US,US,False,True,gmail.com
TXN-000207,42.84,1055,1,0,161.41,US,CA,False,True,yahoo.com
TXN-000208,36.24,1024,0,0,31.1,FR,FR,False,True,gmail.com
TXN-000209,36.22,89,1,0,35.05,US,US,False,False,outlook.com
TXN-000210,24.1,521,0,1,46.79,FR,FR,False,False,yahoo.com
TXN-000211,66.8,143,1,1,110.7,AU,GB,False,True,gmail.com
TXN-000212,75.37,105,1,0,50.82,CA,CA,False,True,gmail.com
TXN-000213,49.44,269,1,0,71.48,US,US,False,False,yahoo.com
TXN-000214,52.74,275,1,0,85.73,US,US,False,True,example.com
TXN-000215,250.24,844,1,0,47.77,AU,AU,False,False,yahoo.com
TXN-000216,29.69,456,0,0,63.15,GB,GB,False,True,outlook.com
TXN-000217,133.25,514,1,0,35.87,GB,GB,False,True,gmail.com
TXN-000218,65.27,151,2,0,141.33,FR,FR,False,True,outlook.com
TXN-000219,51.99,70,0,1,43.53,US,US,False,True,icloud.com
TXN-000220,19.47,557,1,0,59.82,DE,DE,False,True,outlook.com
TXN-000221,71.32,549,0,1,174.02,GB,GB,False,True,gmail.com
TXN-000222,62.83,6,0,0,74.06,US,US,False,True,yahoo.com
TXN-000223,2920.32,283,0,0,68.73,US,DE,False,False,yahoo.com
TXN-000224,21.75,878,1,0,73.74,US,US,False,True,gmail.com
TXN-000225,56.69,39,0,0,77.15,CA,CA,False,True,outlook.com
TXN-000226,190.98,568,1,0,47.02,GB,GB,False,False,gmail.com
TXN-000227,67.56,361,3,0,48.36,CA,US,False,True,gmail.com
TXN-000228,126.3,390,2,0,117.31,CA,CA,False,True,gmail.com
TXN-000229,80.78,280,1,0,105.66,AU,AU,False,True,outlook.com
TXN-000230,123.48,264,1,0,134.59,US,US,False,True,outlook.com
TXN-000231,30.01,713,0,0,98.85,GB,GB,False,True,yahoo.com
TXN-000232,41.01,311,2,0,40.8,US,US,False,True,icloud.com
TXN-000233,5.93,809,2,1,127.83,FR,FR,False,True,yahoo.com
TXN-000234,25.44,147,1,0,81.14,US,US,False,False,outlook.com
TXN-000235,66.71,472,3,0,88.01,GB,GB,False,True,icloud.com
TXN-000236,71.58,586,1,0,65.33,US,US,False,True,yahoo.com
TXN-000237,185.67,373,1,0,94.07,US,US,False,True,yahoo.com
TXN-000238,60.89,202,2,0,62.09,GB,GB,False,True,gmail.com
TXN-000239,113.39,503,1,1,89.23,CA,CA,False,True,yahoo.com
TXN-000240,7.72,529,3,0,54.6,AU,AU,False,True,example.com
TXN-000241,30.82,331,1,0,87.97,US,US,False,True,yahoo.com
TXN-000242,45.76,461,1,1,120.72,FR,FR,False,False,icloud.com
TXN-000243,39.79,225,2,0,92.63,US,US,True,True,example.com
TXN-000244,153.68,520,0,0,136.09,AU,AU,False,True,gmail.com
TXN-000245,181.18,446,1,0,122.53,GB,GB,False,True,gmail.com
TXN-000246,33.12,235,1,0,120.76,AU,AU,False,True,icloud.com
TXN-000247,41.67,544,2,0,66.68,US,US,False,True,yahoo.com
TXN-000248,62.8,439,1,0,50.54,US,US,False,True,outlook.com
TXN-000249,954.43,5,1,0,81.93,GB,GB,False,False,gmail.com
TXN-000250,17.5,5,2,0,,DE,DE,False,True,icloud.com
TXN-000251,22.1,234,0,0,89.55,FR,FR,False,True,icloud.com
TXN-000252,6.15,77,0,0,55.25,US,US,False,True,outlook.com
TXN-000253,207.52,325,1,0,57.85,US,US,False,True,gmail.com
TXN-000254,2664.71,641,0,0,143.38,AU,GB,False,False,yahoo.com
TXN-000255,76.78,958,0,0,64.23,US,US,False,True,gmail.com
TXN-000256,40.36,4,1,0,,DE,DE,False,True,example.com
TXN-000257,38.9,515,1,0,113.58,FR,FR,False,False,icloud.com
TXN-000258,139.19,0,4,0,143.09,US,US,False,True,gmail.com
TXN-000259,19.46,7,1,0,,US,US,False,True,yahoo.com
TXN-000260,50.54,159,0,0,37.09,US,US,False,True,outlook.com
TXN-000261,19.33,1117,2,0,39.68,CA,CA,False,True,example.com
TXN-000262,277.77,613,1,1,54.28,GB,GB,False,True,mailinator.com
TXN-000263,40.2,11,3,0,123.37,DE,DE,False,True,outlook.com
TXN-000264,12.55,635,0,0,44.4,DE,DE,False,True,yahoo.com
TXN-000265,112.45,194,1,0,115.52,US,US,False,True,yahoo.com
TXN-000266,50.32,83,2,0,28.11,US,US,False,True,gmail.com
TXN-000267,68.2,156,1,1,30.88,US,US,False,True,yahoo.com
TXN-000268,3.56,290,2,0,109.17,US,US,False,True,yahoo.com
TXN-000269,38.41,124,3,0,26.17,DE,DE,False,True,example.com
TXN-000270,41.52,70,1,0,37.88,FR,FR,False,True,example.com
TXN-000271,151.01,10,0,0,,AU,AU,False,False,outlook.com
TXN-000272,112.75,561,0,0,34.35,FR,FR,False,True,yahoo.com
TXN-000273,7.73,130,1,0,108.39,US,US,False,True,outlook.com
TXN-000274,87.19,383,0,0,33.66,DE,DE,False,True,icloud.com
TXN-000275,105.49,448,2,0,44.28,US,US,False,True,gmail.com
TXN-000276,75.74,447,1,0,50.92,US,US,True,True,gmail.com
TXN-000277,36.89,298,1,0,267.94,US,US,False,True,yahoo.com
TXN-000278,24.59,87,2,0,131.12,US,US,False,True,outlook.com
TXN-000279,29.06,622,1,0,82.34,DE,DE,False,True,icloud.com
TXN-000280,18.41,387,1,0,271.77,CA,CA,False,True,gmail.com
TXN-000281,7.75,8,3,0,,CA,CA,False,True,gmail.com
TXN-000282,27.02,8,4,0,,CA,CA,False,True,icloud.com
TXN-000283,677.73,146,0,0,119.77,FR,FR,False,False,gmail.com
TXN-000284,243.71,87,3,0,100.65,US,US,False,True,outlook.com
TXN-000285,93.67,858,0,0,73.77,GB,GB,False,True,icloud.com
TXN-000286,46.07,358,1,0,82.63,US,US,False,True,outlook.com
TXN-000287,65.12,765,3,2,52.28,US,US,False,True,outlook.com
TXN-000288,131.67,460,1,0,67.21,FR,FR,True,True,gmail.com
TXN-000289,78.41,84,1,0,42.69,US,US,False,False,yahoo.com
TXN-000290,27.85,619,3,0,147.62,DE,DE,False,True,yahoo.com
TXN-000291,56.89,54,0,0,66.64,GB,GB,False,True,gmail.com
TXN-000292,205.49,505,1,0,40.61,US,US,False,True,outlook.com
TXN-000293,25.37,588,1,0,24.9,FR,FR,True,True,gmail.com
TXN-000294,65.24,70,1,0,213.06,GB,GB,False,False,example.com
TXN-000295,39.91,42,1,0,18.06,DE,DE,False,True,gmail.com
TXN-000296,16.06,313,1,0,61.44,CA,CA,False,True,gmail.com
TXN-000297,105.29,94,3,0,142.91,AU,AU,False,True,outlook.com
TXN-000298,147.19,171,1,0,109.97,FR,FR,False,True,icloud.com
TXN-000299,2.53,593,0,5,118.71,DE,DE,False,True,icloud.com
TXN-000300,40.81,266,0,0,123.68,AU,AU,False,True,gmail.com
TXN-000301,180.9,194,9,0,68.89,DE,DE,False,True,yahoo.com
TXN-000302,39.69,254,1,0,46.04,US,US,False,True,outlook.com
TXN-000303,32.74,462,0,0,87.95,US,US,False,True,icloud.com
TXN-000304,141.94,98,3,0,138.22,CA,CA,False,True,example.com
TXN-000305,14.12,177,0,0,31.66,US,US,False,False,outlook.com
TXN-000306,46.76,253,1,0,29.57,AU,AU,False,True,yahoo.com
TXN-000307,72.2,575,0,0,43.31,US,US,False,True,example.com
TXN-000308,31.18,1709,1,1,17.83,US,US,True,True,example.com
TXN-000309,172.76,259,0,0,31.61,FR,FR,False,False,icloud.com
TXN-000310,20.57,257,3,0,69.39,US,DE,False,True,outlook.com
TXN-000311,87.8,1253,2,0,50.42,US,US,False,False,yahoo.com
TXN-000312,3284.74,470,0,0,38.56,US,CA,False,False,gmail.com
TXN-000313,7.9,76,3,0,66.33,US,US,False,True,gmail.com
TXN-000314,212.65,99,1,0,281.37,US,US,False,True,icloud.com
TXN-000315,22.12,307,4,0,79.43,US,US,True,True,gmail.com
TXN-000316,74.2,218,4,0,38.61,US,US,False,True,example.com
TXN-000317,106.42,1068,0,0,123.74,GB,US,False,True,yahoo.com
TXN-000318,35.2,73,0,0,116.56,US,US,False,True,icloud.com
TXN-000319,136.58,344,1,0,79.96,US,US,False,True,icloud.com
TXN-000320,28.16,125,1,0,109.69,CA,CA,False,False,outlook.com
TXN-000321,79.65,922,1,0,68.42,US,US,False,True,icloud.com
TXN-000322,16.1,7,1,0,145.88,GB,GB,False,True,icloud.com
TXN-000323,31.86,303,0,0,84.94,AU,AU,False,True,gmail.com
TXN-000324,31.8,283,0,0,121.74,US,US,False,True,outlook.com
TXN-000325,17.98,656,1,0,96.93,AU,AU,False,True,gmail.com
TXN-000326,103.18,5,1,0,53.97,GB,GB,False,True,yahoo.com
TXN-000327,41.52,1177,1,0,100.76,CA,CA,False,True,gmail.com
TXN-000328,22.47,352,0,0,15.42,US,US,False,True,icloud.com
TXN-000329,54.93,1072,1,0,58.06,AU,AU,False,True,gmail.com
TXN-000330,54.42,1003,0,0,72.39,US,US,False,True,gmail.com
TXN-000331,415.63,489,0,0,157.83,AU,AU,True,False,icloud.com
TXN-000332,170.29,1806,1,0,54.19,US,US,False,True,icloud.com
TXN-000333,30.36,594,2,0,31.41,US,US,False,True,outlook.com
TXN-000334,179.03,227,3,0,45.0,US,US,False,True,gmail.com
TXN-000335,62.61,522,1,0,92.81,DE,DE,True,True,icloud.com
TXN-000336,205.77,1387,1,0,22.93,US,US,False,True,outlook.com
TXN-000337,4.57,621,2,0,45.49,US,US,False,True,example.com
TXN-000338,54.25,228,2,0,58.44,FR,FR,False,True,gmail.com
TXN-000339,76.06,247,3,1,81.19,GB,GB,False,True,gmail.com
TXN-000340,273.94,342,1,0,60.88,GB,GB,False,True,icloud.com
TXN-000341,97.21,428,2,0,33.33,US,DE,False,True,gmail.com
TXN-000342,57.92,117,1,0,81.97,GB,GB,False,True,gmail.com
TXN-000343,36.96,639,0,0,51.81,US,US,False,True,outlook.com
TXN-000344,117.01,46,3,0,101.04,US,US,False,True,gmail.com
TXN-000345,20.33,183,1,0,129.42,GB,GB,True,True,icloud.com
TXN-000346,18.23,1207,0,1,65.73,GB,GB,False,True,example.com
TXN-000347,10.41,423,0,2,45.72,US,US,False,True,gmail.com
TXN-000348,92.27,258,0,0,82.08,US,US,True,True,gmail.com
TXN-000349,222.23,612,1,0,55.0,DE,DE,False,False,mailinator.com
TXN-000350,113.01,238,1,0,,GB,GB,True,True,yahoo.com
TXN-000351,124.02,254,1,0,124.31,CA,CA,False,True,outlook.com
TXN-000352,19.82,1327,0,0,27.01,US,US,False,False,example.com
TXN-000353,56.1,210,9,0,156.52,US,US,False,False,example.com
TXN-000354,31.06,405,0,0,56.29,DE,DE,False,True,tempmail.io
TXN-000355,71.31,387,3,0,38.57,US,US,False,True,outlook.com
TXN-000356,137.64,944,0,0,23.49,FR,FR,False,True,gmail.com
TXN-000357,140.9,233,2,0,112.21,CA,CA,False,True,outlook.com
TXN-000358,40.23,712,1,0,30.55,DE,DE,False,True,gmail.com
TXN-000359,402.81,464,1,0,135.95,DE,DE,False,False,gmail.com
TXN-000360,100.99,838,3,0,82.37,US,US,False,True,gmail.com
TXN-000361,92.29,13,2,0,,FR,FR,True,True,gmail.com
TXN-000362,92.97,144,0,0,67.04,US,US,False,True,outlook.com
TXN-000363,27.59,410,1,0,93.67,US,US,True,True,icloud.com
TXN-000364,38.24,65,1,0,101.04,US,US,True,True,outlook.com
TXN-000365,14.68,43,1,1,7.13,US,US,False,True,gmail.com
TXN-000366,116.43,1077,1,0,52.91,GB,GB,False,True,outlook.com
TXN-000367,230.38,57,1,0,50.08,US,AU,True,True,outlook.com
TXN-000368,44.93,242,1,0,98.31,US,US,False,True,yahoo.com
TXN-000369,27.83,273,2,0,116.92,US,US,False,False,outlook.com
TXN-000370,66.44,435,0,0,72.25,CA,CA,False,True,gmail.com
TXN-000371,172.03,61,0,0,49.52,US,US,False,True,icloud.com
TXN-000372,35.85,122,1,0,33.49,US,US,False,True,outlook.com
TXN-000373,57.53,1225,1,0,163.81,FR,FR,False,True,yahoo.com
TXN-000374,82.96,544,1,0,402.99,GB,GB,False,True,yahoo.com
TXN-000375,15.14,687,0,0,111.2,AU,AU,False,False,example.com
TXN-000376,24.5,81,1,0,34.47,GB,GB,True,True,gmail.com
TXN-000377,50.91,59,3,0,21.2,CA,CA,False,True,icloud.com
TXN-000378,38.36,508,2,0,31.34,AU,DE,False,True,yahoo.com
TXN-000379,31.49,122,0,0,300.09,US,US,False,True,example.com
TXN-000380,76.34,817,1,0,62.5,US,US,False,True,gmail.com
TXN-000381,45.29,509,4,0,100.75,US,US,False,False,gmail.com
TXN-000382,27.52,190,1,0,85.84,US,US,False,True,outlook.com
TXN-000383,41.4,62,1,0,66.71,AU,AU,False,True,gmail.com
TXN-000384,55.73,648,2,0,116.71,AU,AU,False,True,gmail.com
TXN-000385,257.74,490,0,0,34.09,US,US,False,True,icloud.com
TXN-000386,17.81,1209,0,0,53.93,AU,AU,False,True,yahoo.com
TXN-000387,19.37,705,1,0,81.68,DE,DE,False,True,gmail.com
TXN-000388,22.35,472,1,0,65.6,US,US,False,True,example.com
TXN-000389,65.9,241,1,0,73.2,CA,CA,False,True,gmail.com
TXN-000390,98.24,952,2,0,36.09,US,US,False,True,icloud.com
TXN-000391,13.15,63,1,0,41.03,US,US,False,True,gmail.com
TXN-000392,96.54,65,2,0,94.36,US,US,False,True,gmail.com
TXN-000393,18.97,8,3,0,24.09,DE,DE,False,True,yahoo.com
TXN-000394,11.58,609,1,0,99.29,US,US,False,True,icloud.com
TXN-000395,154.99,73,0,0,49.7,US,US,False,False,gmail.com
TXN-000396,362.15,210,2,0,60.7,AU,AU,False,True,tempmail.io
TXN-000397,53.19,575,1,0,166.5,GB,GB,False,True,icloud.com
TXN-000398,172.72,267,0,0,49.1,US,US,True,True,yahoo.com
TXN-000399,31.75,286,1,0,39.14,US,US,False,True,gmail.com
TXN-000400,33.23,248,1,0,94.66,US,US,False,True,outlook.com
TXN-000401,63.61,685,2,0,106.88,AU,AU,False,True,outlook.com
TXN-000402,74.06,966,1,0,53.33,CA,CA,False,True,yahoo.com
TXN-000403,11.53,325,0,0,50.0,US,US,False,True,example.com
TXN-000404,10.56,251,0,0,331.51,GB,GB,False,True,example.com
TXN-000405,153.95,97,3,0,55.25,US,US,False,True,icloud.com
TXN-000406,370.41,226,4,0,45.18,AU,AU,False,True,example.com
TXN-000407,88.18,56,1,0,32.57,US,US,False,False,outlook.com
TXN-000408,57.9,84,1,0,71.43,AU,AU,False,True,gmail.com
TXN-000409,106.45,300,1,0,110.68,US,US,False,False,example.com
TXN-000410,76.78,448,0,0,225.72,CA,CA,False,True,gmail.com
TXN-000411,98.71,181,2,0,48.32,US,US,False,True,yahoo.com
TXN-000412,26.4,325,3,0,45.4,DE,DE,False,True,yahoo.com
TXN-000413,27.33,180,4,0,115.33,US,US,True,False,example.com
TXN-000414,119.62,526,1,0,35.1,US,US,False,True,outlook.com
TXN-000415,80.65,244,1,0,53.53,CA,CA,False,True,gmail.com
TXN-000416,56.69,108,2,0,80.82,US,US,False,True,icloud.com
TXN-000417,1190.38,4,1,0,56.08,DE,DE,False,False,gmail.com
TXN-000418,94.01,180,1,0,58.95,US,US,False,True,outlook.com
TXN-000419,34.46,225,0,0,110.43,AU,AU,False,True,outlook.com
TXN-000420,21.35,532,0,2,129.09,US,CA,False,True,gmail.com
TXN-000421,51.59,984,1,0,30.5,FR,FR,False,False,gmail.com
TXN-000422,59.82,255,1,0,237.6,US,US,False,True,gmail.com
TXN-000423,52.49,647,2,0,24.05,US,US,False,False,outlook.com
TXN-000424,1920.01,4,3,0,56.56,US,US,False,False,gmail.com
TXN-000425,54.28,43,1,0,69.01,CA,CA,False,False,outlook.com
TXN-000426,107.53,126,0,0,17.37,US,US,False,True,icloud.com
TXN-000427,10.67,858,0,0,,CA,CA,False,True,icloud.com
TXN-000428,96.08,72,0,0,15.34,CA,CA,False,False,outlook.com
TXN-000429,31.3,1421,1,0,24.78,FR,FR,False,False,outlook.com
TXN-000430,36.08,309,4,0,133.89,CA,CA,False,True,gmail.com
TXN-000431,48.16,16,2,1,,US,US,False,True,outlook.com
TXN-000432,33.76,144,3,2,42.91,US,US,False,True,yahoo.com
TXN-000433,213.04,349,2,1,58.78,US,DE,False,True,yahoo.com
TXN-000434,207.55,395,1,0,28.63,DE,DE,False,True,gmail.com
TXN-000435,75.09,55,0,0,69.27,DE,DE,False,False,yahoo.com
TXN-000436,88.21,321,0,0,38.54,US,FR,False,True,gmail.com
TXN-000437,139.46,41,1,0,248.03,CA,CA,False,True,outlook.com
TXN-000438,147.14,1026,2,0,55.29,GB,GB,False,False,outlook.com
TXN-000439,31.63,652,4,0,57.74,US,US,False,False,outlook.com
TXN-000440,80.83,402,0,0,117.28,GB,GB,False,False,outlook.com
TXN-000441,19.44,746,1,0,109.79,CA,CA,False,True,yahoo.com
TXN-000442,58.48,225,0,0,69.19,CA,CA,False,True,icloud.com
TXN-000443,17.48,328,2,0,145.03,US,US,False,True,icloud.com
TXN-000444,14.48,885,1,0,62.11,GB,GB,False,True,outlook.com
TXN-000445,48.97,846,0,0,59.97,DE,AU,False,True,gmail.com
TXN-000446,34.31,527,0,0,89.2,FR,FR,False,True,gmail.com
TXN-000447,27.83,45,0,0,31.77,US,US,False,True,gmail.com
TXN-000448,143.99,245,4,0,105.25,US,US,False,True,example.com
TXN-000449,269.55,805,1,0,118.34,US,US,False,True,yahoo.com
TXN-000450,107.25,124,1,0,111.37,US,US,False,True,yahoo.com
TXN-000451,65.61,938,12,0,65.42,GB,GB,False,True,gmail.com
TXN-000452,451.27,957,0,0,165.43,DE,DE,False,True,icloud.com
TXN-000453,128.67,1082,0,0,74.62,DE,DE,False,True,gmail.com
TXN-000454,1.04,168,0,8,147.09,CA,CA,False,False,icloud.com
TXN-000455,41.16,184,3,0,47.74,US,US,False,True,yahoo.com
TXN-000456,41.83,498,1,0,77.72,GB,GB,False,True,outlook.com
TXN-000457,220.48,633,0,0,145.32,CA,CA,False,True,mailinator.com
TXN-000458,345.82,720,1,0,80.29,US,US,False,True,gmail.com
TXN-000459,271.45,720,0,0,55.22,GB,GB,False,True,yahoo.com
TXN-000460,19.39,134,1,0,49.81,US,FR,False,False,example.com
TXN-000461,151.83,29,1,1,59.12,US,US,False,True,icloud.com
TXN-000462,132.66,51,1,0,172.49,DE,DE,False,False,gmail.com
TXN-000463,246.5,162,1,0,54.96,US,US,False,True,tempmail.io
TXN-000464,52.81,105,1,0,192.81,CA,CA,False,True,icloud.com
TXN-000465,81.74,229,0,0,122.81,CA,CA,False,True,icloud.com
TXN-000466,121.55,176,0,0,77.84,US,US,False,True,outlook.com
TXN-000467,33.19,391,1,0,128.08,GB,GB,False,True,gmail.com
TXN-000468,50.3,745,2,0,51.72,US,US,False,False,icloud.com
TXN-000469,355.89,87,0,0,125.0,AU,AU,False,True,icloud.com
TXN-000470,232.54,759,1,0,64.85,US,US,False,True,yahoo.com
TXN-000471,47.65,167,1,0,53.6,DE,DE,True,True,outlook.com
TXN-000472,129.14,43,0,0,57.61,US,US,True,True,gmail.com
TXN-000473,13.3,0,2,1,,CA,CA,False,True,yahoo.com
TXN-000474,18.0,386,0,0,67.17,FR,FR,False,True,tempmail.io
TXN-000475,27.69,1129,1,0,68.5,AU,AU,False,True,gmail.com
TXN-000476,21.03,213,1,1,47.42,AU,AU,False,True,icloud.com
TXN-000477,268.71,873,2,0,64.09,CA,CA,False,True,yahoo.com
TXN-000478,14.74,60,1,0,53.44,GB,GB,False,True,outlook.com
TXN-000479,86.84,615,1,0,56.15,AU,AU,False,False,gmail.com
TXN-000480,121.02,163,0,0,21.07,US,US,False,True,yahoo.com
TXN-000481,28.18,196,2,0,105.85,US,US,False,True,gmail.com
TXN-000482,14.23,800,4,0,53.65,US,US,False,True,gmail.com
TXN-000483,136.1,609,1,0,13.26,US,US,False,True,outlook.com
TXN-000484,92.55,2095,1,0,28.55,GB,GB,False,False,yahoo.com
TXN-000485,315.65,31,1,0,34.41,US,US,False,True,icloud.com
TXN-000486,196.83,1180,1,0,21.59,GB,GB,False,False,example.com
TXN-000487,9.55,960,2,0,86.58,FR,FR,True,True,example.com
TXN-000488,63.1,177,2,0,51.84,AU,AU,False,True,outlook.com
TXN-000489,63.77,342,1,0,74.66,GB,GB,False,False,outlook.com
TXN-000490,85.09,207,4,0,56.1,CA,CA,False,False,outlook.com
TXN-000491,39.88,387,1,0,32.79,US,US,False,True,icloud.com
TXN-000492,56.16,222,0,0,108.97,US,US,False,True,outlook.com
TXN-000493,106.06,1651,1,0,104.4,FR,FR,False,True,yahoo.com
TXN-000494,1.41,55,2,8,15.01,US,US,False,False,icloud.com
TXN-000495,170.35,322,1,0,70.58,US,US,False,True,example.com
TXN-000496,30.7,661,1,0,22.14,AU,AU,False,True,outlook.com
TXN-000497,53.27,336,0,0,34.24,US,FR,False,True,gmail.com
TXN-000498,139.57,134,1,0,37.21,US,US,False,True,icloud.com
TXN-000499,71.89,12,0,0,,GB,GB,False,True,outlook.com
TXN-000500,69.74,690,1,0,163.32,US,US,False,True,gmail.com
TXN-000501,62.13,1239,0,0,45.56,CA,CA,False,False,yahoo.com
TXN-000502,10.69,62,2,0,95.92,CA,CA,True,False,yahoo.com
TXN-000503,423.0,774,0,0,31.88,DE,DE,False,True,gmail.com
TXN-000504,50.13,478,0,1,64.01,US,US,False,True,yahoo.com
TXN-000505,94.57,1292,1,0,50.08,US,US,False,True,gmail.com
TXN-000506,34.04,1058,0,0,65.18,CA,CA,False,True,yahoo.com
TXN-000507,109.34,343,1,0,26.1,US,US,False,True,gmail.com
TXN-000508,26.56,98,4,0,,US,US,False,True,gmail.com
TXN-000509,1003.41,858,1,2,72.79,US,US,False,True,yahoo.com
TXN-000510,67.7,147,1,2,38.93,US,US,True,False,gmail.com
TXN-000511,114.42,82,1,0,71.59,US,US,False,False,yahoo.com
TXN-000512,1238.88,1,1,1,67.41,US,US,False,False,guerrillamail.com
TXN-000513,57.28,1539,1,0,72.73,US,US,False,True,icloud.com
TXN-000514,32.76,78,1,0,128.59,FR,FR,False,True,outlook.com
TXN-000515,203.29,148,0,0,33.85,FR,US,False,True,outlook.com
TXN-000516,61.25,199,4,0,31.18,US,US,False,False,gmail.com
TXN-000517,15.1,130,2,0,103.7,GB,GB,False,True,example.com
TXN-000518,32.64,1470,1,0,73.29,US,US,False,True,gmail.com
TXN-000519,29.28,62,1,0,84.17,DE,DE,False,True,icloud.com
TXN-000520,39.85,244,0,0,73.09,DE,DE,False,True,icloud.com
TXN-000521,30.81,426,2,0,24.42,AU,AU,False,True,icloud.com
TXN-000522,681.61,1,1,0,180.16,US,US,False,True,gmail.com
TXN-000523,101.38,340,0,0,48.94,US,US,False,False,yahoo.com
TXN-000524,32.51,188,2,1,43.07,US,US,False,True,example.com
TXN-000525,62.7,345,2,2,84.3,US,US,False,True,yahoo.com
TXN-000526,16.49,190,1,0,41.2,CA,CA,False,False,gmail.com
TXN-000527,25.73,226,1,0,30.77,DE,DE,False,True,gmail.com
TXN-000528,41.0,164,0,0,46.41,US,US,False,True,outlook.com
TXN-000529,82.37,718,2,0,116.17,US,US,False,True,icloud.com
TXN-000530,46.59,3,2,0,,DE,DE,False,False,yahoo.com
TXN-000531,50.69,146,0,0,113.78,CA,CA,False,False,yahoo.com
TXN-000532,2336.53,2,2,0,39.89,GB,GB,False,False,outlook.com
TXN-000533,5.96,32,4,0,87.27,US,US,False,False,icloud.com
TXN-000534,273.36,26,0,0,164.26,DE,DE,False,True,tempmail.io
TXN-000535,230.53,760,1,0,88.44,US,US,False,True,yahoo.com
TXN-000536,65.89,113,0,0,68.4,US,US,False,True,yahoo.com
TXN-000537,52.98,333,0,0,19.78,US,US,False,True,gmail.com
TXN-000538,23.15,123,2,0,64.36,US,US,False,True,icloud.com
TXN-000539,115.25,202,1,1,40.72,US,US,False,False,guerrillamail.com
TXN-000540,43.05,1112,0,0,131.09,DE,DE,False,True,gmail.com
TXN-000541,79.12,496,2,0,96.74,US,US,False,True,gmail.com
TXN-000542,18.55,222,2,0,42.62,CA,CA,False,False,gmail.com
TXN-000543,98.65,88,2,0,45.6,CA,CA,False,True,gmail.com
TXN-000544,22.83,347,0,0,27.03,US,US,False,False,yahoo.com
TXN-000545,148.05,241,0,0,58.92,GB,GB,False,True,example.com
TXN-000546,41.42,551,2,0,32.55,FR,FR,False,True,yahoo.com
TXN-000547,34.6,277,1,1,126.93,US,US,False,True,outlook.com
TXN-000548,71.01,37,1,1,255.36,FR,FR,False,True,icloud.com
TXN-000549,299.15,578,1,0,71.88,GB,GB,False,True,mailinator.com
TXN-000550,9.79,804,2,0,113.43,GB,GB,False,True,outlook.com
TXN-000551,63.23,761,3,0,36.21,DE,DE,False,True,gmail.com
TXN-000552,47.6,333,0,0,37.51,GB,GB,True,True,outlook.com
TXN-000553,168.87,418,1,0,201.72,DE,DE,False,True,yahoo.com
TXN-000554,39.08,14,3,1,84.57,US,US,False,False,example.com
TXN-000555,137.21,67,1,0,20.84,AU,AU,False,True,gmail.com
TXN-000556,34.7,735,3,0,114.46,AU,AU,False,True,example.com
TXN-000557,51.82,1529,1,0,132.75,DE,DE,True,True,example.com
TXN-000558,40.71,565,1,0,115.85,US,US,False,True,outlook.com
TXN-000559,12.58,390,3,0,60.85,FR,FR,False,True,tempmail.io
TXN-000560,26.57,89,1,0,84.8,US,US,False,True,example.com
TXN-000561,301.84,142,2,0,49.67,US,US,False,True,example.com
TXN-000562,33.56,21,1,0,53.67,US,US,False,False,gmail.com
TXN-000563,79.21,572,0,0,66.77,CA,CA,False,True,outlook.com
TXN-000564,35.6,241,0,0,96.78,US,US,False,True,example.com
TXN-000565,209.69,27,10,0,,US,CA,True,True,example.com
TXN-000566,92.42,1347,1,0,35.7,GB,GB,False,True,gmail.com
TXN-000567,19.41,648,2,0,74.98,AU,AU,False,True,mailinator.com
TXN-000568,13.02,161,2,0,46.36,US,US,False,False,gmail.com
TXN-000569,421.74,152,0,0,42.13,CA,AU,False,True,gmail.com
TXN-000570,139.07,794,2,0,65.48,AU,AU,False,True,icloud.com
TXN-000571,7.73,190,0,0,43.52,US,US,False,True,outlook.com
TXN-000572,37.08,209,1,1,77.43,US,US,False,True,yahoo.com
TXN-000573,246.98,604,1,0,53.62,US,US,False,True,gmail.com
TXN-000574,42.0,315,2,0,41.03,US,US,False,True,gmail.com
TXN-000575,25.54,710,1,1,53.2,US,US,False,True,gmail.com
TXN-000576,45.67,804,0,0,,US,US,False,True,tempmail.io
TXN-000577,10.92,413,1,0,44.54,AU,AU,False,True,outlook.com
TXN-000578,82.77,245,1,0,71.31,US,US,False,True,icloud.com
TXN-000579,189.93,156,1,0,47.58,US,FR,False,False,yahoo.com
TXN-000580,216.51,145,1,0,87.25,US,US,False,False,gmail.com
TXN-000581,45.07,144,1,0,38.73,US,US,False,True,gmail.com
TXN-000582,69.13,279,0,0,160.06,US,US,False,True,icloud.com
TXN-000583,3261.14,1401,0,0,43.86,AU,DE,False,False,icloud.com
TXN-000584,32.92,505,0,0,175.43,US,US,True,True,mailinator.com
TXN-000585,2.21,573,0,0,70.46,US,US,False,False,example.com
TXN-000586,23.46,501,1,0,101.4,GB,GB,False,True,gmail.com
TXN-000587,51.47,1003,3,0,39.38,DE,DE,False,True,yahoo.com
TXN-000588,187.7,921,1,0,101.45,GB,GB,False,False,outlook.com
TXN-000589,103.6,197,1,0,22.06,AU,AU,False,True,example.com
TXN-000590,24.84,224,2,0,27.95,US,US,False,False,icloud.com
TXN-000591,102.92,292,0,0,27.37,US,US,False,True,yahoo.com
TXN-000592,26.51,619,0,0,137.42,US,US,False,True,outlook.com
TXN-000593,31.09,394,2,0,47.91,FR,FR,False,True,gmail.com
TXN-000594,149.89,1112,1,0,78.16,US,DE,False,True,gmail.com
TXN-000595,11.12,196,8,0,54.35,US,US,True,True,yahoo.com
TXN-000596,122.68,540,2,0,114.06,US,US,False,True,yahoo.com
TXN-000597,62.38,413,0,0,29.62,AU,AU,False,True,gmail.com
TXN-000598,49.75,129,1,0,127.03,FR,FR,False,False,outlook.com
TXN-000599,250.36,325,0,0,53.66,US,US,False,True,outlook.com
TXN-000600,259.19,183,2,0,51.47,GB,GB,False,True,gmail.com
TXN-000601,63.33,181,1,0,39.65,GB,GB,False,True,yahoo.com
TXN-000602,118.97,81,0,0,47.04,US,US,False,True,example.com
TXN-000603,210.77,55,0,1,41.11,US,GB,False,False,tempmail.io
TXN-000604,65.88,123,0,0,27.45,US,US,False,True,outlook.com
TXN-000605,101.43,367,0,0,105.9,DE,DE,False,True,yahoo.com
TXN-000606,114.71,85,1,0,50.34,US,US,False,True,yahoo.com
TXN-000607,125.52,67,1,0,117.19,DE,CA,False,True,gmail.com
TXN-000608,19.66,308,3,0,101.38,US,US,False,True,gmail.com
TXN-000609,1355.85,4,1,0,106.36,US,US,False,False,icloud.com
TXN-000610,14.77,137,9,0,22.26,AU,AU,False,True,outlook.com
TXN-000611,10.9,779,1,0,72.69,US,US,True,True,gmail.com
TXN-000612,33.7,237,0,0,53.93,AU,AU,False,True,gmail.com
TXN-000613,95.37,299,2,0,76.1,FR,FR,False,True,example.com
TXN-000614,53.07,35,0,0,102.73,US,US,False,True,outlook.com
TXN-000615,69.22,86,2,0,114.08,FR,FR,False,True,yahoo.com
TXN-000616,22.34,296,3,0,40.0,GB,GB,False,True,tempmail.io
TXN-000617,30.96,1441,1,0,71.89,US,US,False,True,outlook.com
TXN-000618,1.33,457,1,9,99.61,US,US,False,True,gmail.com
TXN-000619,41.44,199,3,0,47.26,US,US,False,True,yahoo.com
TXN-000620,139.6,23,3,0,62.61,DE,DE,False,True,gmail.com
TXN-000621,21.86,261,0,0,146.48,DE,DE,False,True,icloud.com
TXN-000622,11.64,1317,1,0,77.89,US,US,False,False,icloud.com
TXN-000623,201.79,165,2,0,68.0,GB,GB,False,True,mailinator.com
TXN-000624,125.05,730,2,0,61.15,US,US,False,True,gmail.com
TXN-000625,14.85,379,1,0,63.53,US,US,False,True,gmail.com
TXN-000626,21.18,181,1,0,59.16,US,US,True,True,outlook.com
TXN-000627,100.07,937,3,0,54.61,US,US,False,True,gmail.com
TXN-000628,80.79,65,1,0,71.08,US,US,False,True,mailinator.com
TXN-000629,91.12,272,1,0,36.06,CA,CA,False,True,icloud.com
TXN-000630,40.25,347,0,0,115.47,CA,CA,False,True,example.com
TXN-000631,148.2,903,0,0,46.1,CA,CA,False,False,gmail.com
TXN-000632,150.02,551,2,1,66.02,CA,CA,False,False,gmail.com
TXN-000633,71.39,1116,2,0,53.41,GB,GB,False,True,icloud.com
TXN-000634,38.61,985,2,1,34.96,US,US,False,True,example.com
TXN-000635,18.35,288,1,0,21.74,GB,GB,False,True,outlook.com
TXN-000636,27.54,265,4,0,60.82,US,US,False,True,outlook.com
TXN-000637,29.29,1991,0,0,73.18,FR,FR,False,True,outlook.com
TXN-000638,43.44,1106,1,0,39.13,US,US,False,False,guerrillamail.com
TXN-000639,58.8,632,0,0,109.21,US,US,False,True,gmail.com
TXN-000640,111.64,165,1,0,251.88,US,US,False,True,yahoo.com
TXN-000641,31.67,1400,3,0,,AU,AU,False,True,outlook.com
TXN-000642,1.81,133,1,6,54.93,CA,CA,False,True,gmail.com
TXN-000643,24.42,57,1,0,28.49,US,US,False,True,yahoo.com
TXN-000644,49.74,119,1,0,45.7,FR,FR,False,True,yahoo.com
TXN-000645,137.19,158,1,0,58.5,US,US,False,True,yahoo.com
TXN-000646,59.53,204,1,0,42.41,CA,CA,False,True,yahoo.com
TXN-000647,41.79,177,1,0,68.33,GB,GB,False,False,icloud.com
TXN-000648,52.94,618,1,0,49.46,FR,FR,False,True,outlook.com
TXN-000649,37.46,85,0,0,99.4,US,US,False,False,example.com
TXN-000650,40.62,76,1,0,76.34,US,US,False,True,outlook.com
TXN-000651,89.17,304,0,0,63.67,US,US,True,True,yahoo.com
TXN-000652,15.02,508,0,0,103.79,US,US,False,True,gmail.com
TXN-000653,93.0,251,0,0,,DE,DE,False,True,outlook.com
TXN-000654,120.39,1019,2,0,90.89,GB,GB,False,False,example.com
TXN-000655,52.02,6,1,1,,GB,GB,False,True,outlook.com
TXN-000656,55.15,537,1,0,48.05,FR,FR,False,True,icloud.com
TXN-000657,17.97,89,1,0,296.02,US,US,False,True,yahoo.com
TXN-000658,11.31,416,2,0,,GB,GB,False,True,icloud.com
TXN-000659,28.39,34,2,0,202.0,CA,CA,True,False,outlook.com
TXN-000660,41.22,145,0,0,89.31,CA,CA,False,True,outlook.com
TXN-000661,141.72,454,1,0,59.08,GB,GB,False,True,outlook.com
TXN-000662,14.18,113,0,0,42.39,AU,AU,False,False,yahoo.com
TXN-000663,18.75,182,1,0,100.25,DE,DE,False,True,outlook.com
TXN-000664,558.5,1227,1,0,85.11,US,US,False,True,example.com
TXN-000665,71.81,83,0,0,49.4,US,US,False,True,gmail.com
TXN-000666,21.47,9,1,0,,US,US,False,True,guerrillamail.com
TXN-000667,69.17,468,1,0,167.46,US,US,False,True,gmail.com
TXN-000668,33.01,581,3,0,149.76,CA,CA,False,False,gmail.com
TXN-000669,31.63,134,0,0,97.24,GB,GB,False,False,icloud.com
TXN-000670,22.07,4,0,0,,US,US,False,True,guerrillamail.com
TXN-000671,249.3,1067,0,1,40.95,FR,FR,False,True,gmail.com
TXN-000672,1619.94,2241,1,0,18.62,CA,GB,False,False,example.com
TXN-000673,932.51,1,2,2,90.82,FR,FR,False,False,yahoo.com
TXN-000674,18.26,313,2,2,146.36,US,US,False,True,yahoo.com
TXN-000675,46.21,1013,1,2,487.06,CA,CA,False,True,example.com
TXN-000676,82.44,214,0,0,104.6,US,US,False,True,yahoo.com
TXN-000677,38.33,119,1,0,23.91,US,US,False,True,gmail.com
TXN-000678,143.49,258,1,0,30.14,GB,GB,False,True,example.com
TXN-000679,48.7,897,0,0,19.62,GB,GB,False,True,yahoo.com
TXN-000680,630.52,187,3,0,33.94,FR,FR,False,False,gmail.com
TXN-000681,136.95,19,1,0,,US,US,False,True,example.com
TXN-000682,97.69,717,3,0,49.22,US,US,False,True,yahoo.com
TXN-000683,27.7,1426,4,0,105.58,DE,DE,False,True,gmail.com
TXN-000684,106.45,8,1,1,126.28,US,US,False,True,icloud.com
TXN-000685,39.73,56,2,0,52.63,AU,AU,False,True,icloud.com
TXN-000686,50.31,190,1,0,145.54,GB,GB,False,True,yahoo.com
TXN-000687,36.34,297,1,0,89.53,US,US,False,False,gmail.com
TXN-000688,41.45,667,3,0,101.83,GB,GB,False,True,outlook.com
TXN-000689,487.26,495,1,0,63.0,GB,GB,False,True,yahoo.com
TXN-000690,63.64,1425,1,0,112.32,US,US,False,True,outlook.com
TXN-000691,81.38,276,2,1,30.27,CA,CA,False,True,tempmail.io
TXN-000692,15.89,169,0,0,31.32,US,US,False,True,example.com
TXN-000693,177.27,277,1,0,194.59,AU,AU,False,True,outlook.com
TXN-000694,32.82,834,3,0,34.67,DE,DE,False,True,outlook.com
TXN-000695,18.29,123,1,0,67.94,US,US,False,True,gmail.com
TXN-000696,291.18,40,1,0,63.62,GB,GB,False,True,gmail.com
TXN-000697,24.63,78,1,0,37.58,DE,DE,False,False,yahoo.com
TXN-000698,27.41,53,1,0,53.35,FR,FR,True,True,outlook.com
TXN-000699,210.33,504,1,0,26.88,DE,DE,False,True,gmail.com
TXN-000700,15.41,190,3,0,108.42,DE,DE,False,False,gmail.com
TXN-000701,38.5,257,0,0,99.5,CA,GB,False,True,guerrillamail.com
TXN-000702,92.18,555,3,0,66.19,US,US,False,True,yahoo.com
TXN-000703,2.59,298,1,5,78.86,US,GB,False,True,yahoo.com
TXN-000704,103.39,693,1,1,136.86,CA,AU,False,True,gmail.com
TXN-000705,14.8,794,1,0,85.18,US,US,False,True,gmail.com
TXN-000706,37.09,147,2,0,84.35,US,US,True,True,icloud.com
TXN-000707,34.93,157,0,0,14.45,US,DE,False,True,example.com
TXN-000708,126.76,86,4,0,26.09,AU,AU,False,True,icloud.com
TXN-000709,391.29,388,2,0,114.51,US,US,False,True,outlook.com
TXN-000710,223.77,513,0,0,60.83,FR,FR,False,True,gmail.com
TXN-000711,47.01,1062,1,0,39.98,US,US,False,False,gmail.com
TXN-000712,35.63,670,0,0,31.94,FR,FR,False,True,yahoo.com
TXN-000713,29.45,341,0,0,81.66,US,US,False,True,gmail.com
TXN-000714,26.66,898,1,0,38.32,CA,CA,False,True,guerrillamail.com
TXN-000715,107.34,476,0,0,93.57,US,US,False,False,yahoo.com
TXN-000716,116.11,130,0,0,94.08,US,US,False,True,icloud.com
TXN-000717,81.16,556,0,0,160.83,US,US,False,True,gmail.com
TXN-000718,76.51,306,0,0,163.11,US,US,False,True,outlook.com
TXN-000719,159.48,68,1,0,145.47,GB,GB,False,False,gmail.com
TXN-000720,26.54,685,3,0,83.51,US,US,False,True,outlook.com
TXN-000721,155.09,1119,1,0,51.57,US,US,False,True,gmail.com
TXN-000722,33.14,152,1,0,132.71,DE,DE,False,True,outlook.com
TXN-000723,611.37,25,4,0,44.74,GB,US,False,False,mailinator.com
TXN-000724,1636.96,3,1,0,35.9,GB,GB,False,False,example.com
TXN-000725,8.38,421,1,0,50.06,US,US,False,False,gmail.com
TXN-000726,591.62,911,2,0,70.7,CA,CA,False,False,yahoo.com
TXN-000727,628.8,166,2,0,37.95,GB,GB,False,True,guerrillamail.com
TXN-000728,7.25,655,1,0,47.05,US,US,False,True,gmail.com
TXN-000729,15.77,115,4,0,35.14,GB,GB,False,True,icloud.com
TXN-000730,134.78,575,1,0,41.49,CA,CA,False,True,outlook.com
TXN-000731,35.27,277,2,0,116.79,US,GB,True,True,yahoo.com
TXN-000732,88.55,247,4,0,236.13,US,CA,False,True,yahoo.com
TXN-000733,39.46,300,2,0,85.95,US,CA,False,True,outlook.com
TXN-000734,121.07,38,1,0,59.02,US,US,False,True,icloud.com
TXN-000735,32.52,571,1,0,83.36,DE,US,False,True,outlook.com
TXN-000736,111.26,222,3,0,54.22,US,US,False,True,icloud.com
TXN-000737,74.21,1011,2,1,61.45,DE,DE,False,True,yahoo.com
TXN-000738,615.49,59,0,0,72.49,CA,CA,False,True,gmail.com
TXN-000739,1584.32,3,3,0,17.15,DE,DE,False,False,icloud.com
TXN-000740,83.65,101,0,0,300.14,DE,DE,False,True,gmail.com
TXN-000741,178.23,328,1,0,72.04,US,US,False,True,icloud.com
TXN-000742,13.7,141,0,0,62.37,GB,GB,False,True,example.com
TXN-000743,132.56,481,3,0,210.71,US,US,False,False,yahoo.com
TXN-000744,1370.93,347,1,0,51.51,US,FR,True,False,example.com
TXN-000745,109.92,226,1,0,63.13,US,US,False,True,gmail.com
TXN-000746,142.48,273,4,0,148.27,US,US,False,True,icloud.com
TXN-000747,56.28,147,0,0,43.17,US,US,False,True,gmail.com
TXN-000748,14.58,3,3,0,130.1,FR,FR,False,True,outlook.com
TXN-000749,21.38,147,2,0,196.09,CA,US,False,False,gmail.com
TXN-000750,679.71,4,0,0,42.65,US,US,False,False,example.com
TXN-000751,60.29,238,2,0,21.28,US,US,False,True,icloud.com
TXN-000752,11.79,428,3,0,24.47,GB,GB,False,True,gmail.com
TXN-000753,26.31,151,1,0,47.81,US,US,False,True,gmail.com
TXN-000754,35.31,1012,0,0,92.59,US,US,False,True,gmail.com
TXN-000755,129.7,77,1,0,103.07,CA,GB,False,True,icloud.com
TXN-000756,105.74,786,1,0,92.39,US,US,False,True,outlook.com
TXN-000757,79.74,21,0,0,68.87,US,CA,False,True,icloud.com
TXN-000758,64.07,45,1,0,69.04,DE,DE,False,True,gmail.com
TXN-000759,132.28,350,0,0,77.82,US,US,False,True,outlook.com
TXN-000760,95.97,271,0,1,52.42,FR,FR,False,False,gmail.com
TXN-000761,18.17,146,1,1,272.75,GB,GB,False,True,outlook.com
TXN-000762,79.74,164,1,0,58.9,US,US,True,True,gmail.com
TXN-000763,1110.27,2,3,0,314.08,CA,CA,False,False,icloud.com
TXN-000764,141.23,689,0,0,37.5,US,US,False,True,outlook.com
TXN-000765,403.75,275,1,0,140.45,US,US,False,True,mailinator.com
TXN-000766,130.36,907,1,0,62.8,FR,FR,False,False,gmail.com
TXN-000767,12.61,124,0,0,70.13,GB,GB,False,True,gmail.com
TXN-000768,21.11,475,0,0,46.57,US,US,False,True,outlook.com
TXN-000769,16.64,424,1,0,54.49,US,US,False,False,yahoo.com
TXN-000770,24.9,109,2,0,49.28,US,US,False,True,gmail.com
TXN-000771,52.45,422,0,0,76.14,CA,CA,False,False,outlook.com
TXN-000772,57.63,40,1,0,35.51,US,US,False,True,mailinator.com
TXN-000773,876.69,92,0,2,90.26,US,US,False,False,mailinator.com
TXN-000774,206.64,232,1,0,89.58,US,US,False,False,gmail.com
TXN-000775,61.92,383,0,1,78.6,US,CA,False,False,gmail.com
TXN-000776,108.84,35,1,0,21.1,US,US,False,False,gmail.com
TXN-000777,32.8,881,0,0,36.23,US,US,False,True,outlook.com
TXN-000778,410.36,44,0,0,44.01,GB,GB,False,True,icloud.com
TXN-000779,42.3,443,2,0,111.84,US,US,True,True,gmail.com
TXN-000780,27.8,71,2,0,177.77,US,US,False,True,gmail.com
TXN-000781,24.35,61,1,0,151.71,GB,DE,False,True,outlook.com
TXN-000782,45.19,317,1,1,54.19,US,US,False,True,icloud.com
TXN-000783,14.83,287,1,0,99.13,US,US,False,False,example.com
TXN-000784,667.22,41,3,0,42.8,DE,DE,False,False,outlook.com
TXN-000785,61.73,215,1,0,75.48,CA,CA,False,True,icloud.com
TXN-000786,39.88,155,1,0,40.3,AU,AU,False,False,yahoo.com
TXN-000787,37.48,37,1,0,39.84,DE,DE,False,True,yahoo.com
TXN-000788,74.55,389,0,0,207.01,US,US,False,True,outlook.com
TXN-000789,21.21,1130,0,0,71.49,US,US,False,False,icloud.com
TXN-000790,30.1,166,0,0,74.32,FR,FR,False,True,yahoo.com
TXN-000791,206.94,0,0,0,,GB,GB,True,True,yahoo.com
TXN-000792,32.51,319,2,0,29.65,US,US,False,True,outlook.com
TXN-000793,148.47,372,0,0,80.64,DE,DE,False,True,gmail.com
TXN-000794,49.74,379,0,0,139.64,US,US,False,False,example.com
TXN-000795,36.79,253,0,0,46.83,US,US,False,True,gmail.com
TXN-000796,86.8,524,3,0,119.8,US,US,False,True,gmail.com
TXN-000797,172.24,483,1,0,44.62,AU,AU,False,True,gmail.com
TXN-000798,31.92,384,1,0,73.43,US,US,False,False,icloud.com
TXN-000799,34.76,726,1,1,58.34,US,US,False,True,gmail.com
TXN-000800,46.14,146,1,0,72.46,US,US,False,True,example.com
TXN-000801,82.82,1007,1,0,208.54,US,US,False,True,gmail.com
TXN-000802,181.3,2188,1,0,166.43,US,US,False,False,icloud.com
TXN-000803,37.53,263,1,0,57.15,US,US,False,True,outlook.com
TXN-000804,34.98,498,1,0,143.07,CA,FR,False,True,yahoo.com
TXN-000805,888.95,171,1,0,154.32,US,US,True,True,yahoo.com
TXN-000806,53.54,353,4,0,54.52,US,US,True,True,guerrillamail.com
TXN-000807,674.85,933,2,0,32.87,US,US,False,True,tempmail.io
TXN-000808,58.82,539,2,0,26.87,CA,CA,False,True,icloud.com
TXN-000809,31.66,161,2,0,54.04,DE,DE,False,False,yahoo.com
TXN-000810,181.42,125,1,0,110.52,US,US,False,True,gmail.com
TXN-000811,69.08,157,0,0,75.9,GB,US,False,True,example.com
TXN-000812,164.54,0,1,0,44.65,CA,CA,False,True,gmail.com
TXN-000813,106.27,50,1,1,142.81,US,US,False,True,outlook.com
TXN-000814,117.48,4,1,0,,AU,US,False,True,outlook.com
TXN-000815,91.97,31,2,0,132.6,DE,DE,False,True,gmail.com
TXN-000816,54.64,354,1,0,42.46,DE,DE,False,True,gmail.com
TXN-000817,90.98,1390,1,0,15.11,DE,DE,False,True,example.com
TXN-000818,132.67,289,1,0,52.96,FR,FR,False,False,gmail.com
TXN-000819,1137.17,2,4,0,119.61,DE,DE,False,False,gmail.com
TXN-000820,35.82,695,1,0,66.69,US,US,False,True,icloud.com
TXN-000821,21.69,497,1,1,34.44,AU,AU,False,True,gmail.com
TXN-000822,20.19,156,1,0,169.47,GB,GB,True,True,gmail.com
TXN-000823,32.52,553,3,0,242.58,US,US,False,True,gmail.com
TXN-000824,52.75,72,2,0,92.22,US,US,False,True,gmail.com
TXN-000825,155.48,263,1,0,110.23,CA,CA,False,True,outlook.com
TXN-000826,55.75,1739,0,0,109.85,FR,FR,False,True,yahoo.com
TXN-000827,106.24,1429,2,0,95.96,DE,DE,False,True,outlook.com
TXN-000828,141.37,421,2,0,112.0,FR,FR,False,False,outlook.com
TXN-000829,42.78,254,1,1,45.79,CA,CA,False,False,outlook.com
TXN-000830,190.88,99,3,0,39.54,US,US,False,True,outlook.com
TXN-000831,20.33,636,2,0,68.04,US,US,True,False,gmail.com
TXN-000832,25.76,326,1,0,216.8,CA,CA,False,False,gmail.com
TXN-000833,269.1,867,0,0,167.36,US,US,False,True,gmail.com
TXN-000834,185.0,1863,1,0,80.48,US,US,False,True,icloud.com
TXN-000835,97.91,220,0,0,26.12,US,US,False,True,outlook.com
TXN-000836,8.57,193,0,0,43.59,US,US,False,True,gmail.com
TXN-000837,35.2,212,3,1,66.3,US,US,False,True,gmail.com
TXN-000838,73.43,34,1,0,260.21,CA,CA,False,True,outlook.com
TXN-000839,89.98,408,2,0,93.75,AU,AU,False,True,guerrillamail.com
TXN-000840,117.5,54,1,0,60.78,US,US,False,True,icloud.com
TXN-000841,13.14,10,1,1,34.81,US,US,False,True,icloud.com
TXN-000842,59.59,10,1,1,273.9,US,US,False,False,outlook.com
TXN-000843,86.21,1180,2,0,234.37,FR,FR,False,True,outlook.com
TXN-000844,66.01,362,0,0,528.48,US,US,True,True,outlook.com
TXN-000845,29.64,969,2,0,47.96,AU,AU,False,True,yahoo.com
TXN-000846,1440.83,953,2,0,20.92,US,AU,True,False,gmail.com
TXN-000847,113.47,910,1,0,,CA,CA,False,True,outlook.com
TXN-000848,84.49,1130,1,0,115.43,US,US,False,True,yahoo.com
TXN-000849,1.51,637,0,8,21.73,US,US,False,False,outlook.com
TXN-000850,46.8,1527,1,0,78.82,DE,DE,False,True,icloud.com
TXN-000851,54.12,202,1,0,44.58,US,US,False,True,yahoo.com
TXN-000852,1.04,194,1,9,42.75,FR,FR,False,True,outlook.com
TXN-000853,81.26,499,14,0,92.86,US,US,False,True,gmail.com
TXN-000854,84.09,182,1,0,45.13,CA,CA,False,False,gmail.com
TXN-000855,35.08,454,3,0,41.19,US,US,False,True,outlook.com
TXN-000856,14.8,200,0,0,116.55,US,US,False,True,yahoo.com
TXN-000857,256.48,14,1,0,86.79,US,US,False,True,yahoo.com
TXN-000858,36.64,300,0,0,75.53,CA,CA,False,True,icloud.com
TXN-000859,416.44,692,0,0,57.52,DE,DE,False,True,icloud.com
TXN-000860,66.37,528,1,0,56.87,US,US,False,True,gmail.com
TXN-000861,49.84,367,1,0,90.61,GB,GB,False,True,outlook.com
TXN-000862,36.47,159,2,0,160.82,US,US,False,True,gmail.com
TXN-000863,64.68,559,0,0,66.71,US,US,False,False,gmail.com
TXN-000864,147.29,741,2,0,18.89,US,US,False,False,gmail.com
TXN-000865,13.44,107,1,0,35.47,US,US,False,True,icloud.com
TXN-000866,21.21,289,1,0,20.03,US,US,False,True,outlook.com
TXN-000867,12.54,100,2,1,234.07,DE,DE,False,True,tempmail.io
TXN-000868,44.37,762,1,0,45.14,US,US,False,True,outlook.com
TXN-000869,73.92,132,1,0,32.91,GB,GB,False,True,example.com
TXN-000870,25.76,240,14,0,26.99,DE,DE,False,True,outlook.com
TXN-000871,96.03,24,0,2,28.22,US,US,False,True,example.com
TXN-000872,51.43,105,3,0,61.71,CA,CA,False,False,outlook.com
TXN-000873,139.45,160,0,1,40.95,US,US,False,True,gmail.com
TXN-000874,37.99,192,2,1,56.03,US,US,False,True,outlook.com
TXN-000875,94.25,479,1,0,62.16,AU,AU,False,True,icloud.com
TXN-000876,56.41,87,1,0,52.02,US,US,False,True,gmail.com
TXN-000877,84.94,866,1,0,138.85,GB,GB,False,True,gmail.com
TXN-000878,81.22,957,0,0,51.83,CA,CA,False,True,outlook.com
TXN-000879,78.55,250,4,0,29.87,GB,GB,False,True,yahoo.com
TXN-000880,17.57,284,0,0,85.85,US,US,False,True,yahoo.com
TXN-000881,171.6,801,1,0,108.69,GB,GB,False,True,gmail.com
TXN-000882,60.33,710,0,0,123.53,US,US,False,True,gmail.com
TXN-000883,18.13,63,2,0,67.03,FR,FR,True,True,gmail.com
TXN-000884,40.11,170,2,0,165.43,US,US,False,True,gmail.com
TXN-000885,50.27,1298,0,0,66.75,US,US,False,True,icloud.com
TXN-000886,89.43,140,3,0,82.53,FR,FR,False,True,gmail.com
TXN-000887,77.62,172,2,0,,FR,FR,False,True,outlook.com
TXN-000888,123.33,109,0,0,61.54,GB,AU,False,True,gmail.com
TXN-000889,21.51,579,3,0,81.99,US,US,False,True,yahoo.com
TXN-000890,24.91,172,1,0,70.9,DE,DE,False,False,icloud.com
TXN-000891,300.82,413,4,0,124.23,GB,GB,False,True,icloud.com
TXN-000892,124.7,87,1,0,152.47,FR,FR,False,True,icloud.com
TXN-000893,24.38,27,0,0,,US,US,False,True,example.com
TXN-000894,103.24,515,1,0,35.74,GB,GB,False,True,yahoo.com
TXN-000895,83.8,76,2,0,69.83,US,US,False,True,outlook.com
TXN-000896,1.65,889,0,9,106.59,US,US,False,False,yahoo.com
TXN-000897,154.39,931,3,0,35.28,US,US,False,True,gmail.com
TXN-000898,35.5,373,2,0,42.92,FR,AU,False,False,gmail.com
TXN-000899,300.7,96,3,1,108.86,US,US,False,True,yahoo.com
TXN-000900,11.36,1506,1,0,114.36,US,US,False,True,gmail.com
TXN-000901,76.21,537,3,0,52.0,DE,DE,False,True,icloud.com
TXN-000902,48.33,164,0,0,51.58,US,US,False,True,icloud.com
TXN-000903,9.53,24,1,2,,DE,DE,False,True,gmail.com
TXN-000904,69.27,509,1,0,53.96,US,US,False,True,icloud.com
TXN-000905,8.58,328,1,1,115.49,GB,GB,False,True,outlook.com
TXN-000906,139.06,1865,0,0,16.09,US,US,True,True,outlook.com
TXN-000907,22.12,98,0,0,42.14,US,US,True,True,gmail.com
TXN-000908,25.42,295,2,0,29.62,US,US,False,True,yahoo.com
TXN-000909,203.03,342,16,0,50.86,DE,DE,False,True,yahoo.com
TXN-000910,16.47,67,1,1,27.8,FR,FR,False,True,example.com
TXN-000911,39.95,639,1,0,31.52,US,US,False,True,gmail.com
TXN-000912,35.13,2263,3,0,87.41,CA,CA,False,False,gmail.com
TXN-000913,305.65,2402,0,0,61.39,US,US,False,True,icloud.com
TXN-000914,53.02,154,1,0,36.44,US,US,False,True,yahoo.com
TXN-000915,42.73,1,2,0,,GB,GB,False,False,example.com
TXN-000916,44.05,201,1,0,56.88,GB,GB,False,False,gmail.com
TXN-000917,55.44,187,1,0,72.61,GB,GB,False,True,icloud.com
TXN-000918,33.03,670,0,0,26.26,DE,DE,False,True,icloud.com
TXN-000919,786.14,511,0,0,100.36,GB,GB,False,False,example.com
TXN-000920,417.02,279,3,0,34.52,DE,DE,False,False,icloud.com
TXN-000921,34.76,523,0,0,31.86,US,US,False,True,gmail.com
TXN-000922,38.29,463,0,0,162.74,US,US,False,True,icloud.com
TXN-000923,55.02,282,0,0,66.72,DE,DE,False,True,gmail.com
TXN-000924,132.16,399,1,0,18.11,US,US,False,True,yahoo.com
TXN-000925,58.62,823,15,0,76.78,FR,FR,False,True,outlook.com
TXN-000926,21.32,119,0,0,114.43,GB,GB,False,False,yahoo.com
TXN-000927,367.83,173,0,0,81.14,US,US,False,True,icloud.com
TXN-000928,73.69,56,1,0,98.24,CA,CA,False,True,outlook.com
TXN-000929,63.0,63,1,0,27.39,US,US,False,True,gmail.com
TXN-000930,15.24,23,0,0,,FR,FR,False,True,yahoo.com
TXN-000931,37.4,36,0,0,77.19,DE,DE,False,True,outlook.com
TXN-000932,91.24,226,1,0,46.31,AU,AU,False,True,gmail.com
TXN-000933,20.39,318,1,0,144.15,US,US,False,True,example.com
TXN-000934,18.89,964,0,0,49.48,AU,AU,True,False,outlook.com
TXN-000935,40.25,735,2,0,89.2,FR,FR,False,True,gmail.com
TXN-000936,7.8,566,15,0,65.35,GB,GB,False,True,icloud.com
TXN-000937,19.86,167,2,0,81.47,GB,GB,True,True,outlook.com
TXN-000938,7.22,76,1,0,311.0,US,US,False,True,yahoo.com
TXN-000939,99.18,603,0,0,120.61,US,US,False,True,gmail.com
TXN-000940,28.82,231,0,0,99.3,US,US,False,True,example.com
TXN-000941,71.7,55,1,0,120.76,US,US,False,False,yahoo.com
TXN-000942,27.21,235,3,0,52.98,FR,FR,False,True,outlook.com
TXN-000943,29.14,749,2,0,72.34,US,US,True,True,example.com
TXN-000944,30.4,562,0,0,74.01,US,US,False,True,outlook.com
TXN-000945,14.66,703,1,0,135.18,US,US,False,False,example.com
TXN-000946,888.43,576,1,0,149.94,US,US,False,True,tempmail.io
TXN-000947,44.45,683,1,0,54.06,FR,FR,False,True,example.com
TXN-000948,64.82,893,3,0,164.52,CA,CA,False,True,gmail.com
TXN-000949,65.37,972,3,0,71.34,US,US,False,True,gmail.com
TXN-000950,1537.74,1,0,0,54.41,DE,DE,False,False,yahoo.com
TXN-000951,78.37,127,2,2,89.39,US,US,False,True,outlook.com
TXN-000952,244.06,232,0,0,153.62,GB,GB,False,True,tempmail.io
TXN-000953,36.24,287,1,0,83.66,AU,AU,False,True,icloud.com
TXN-000954,140.72,556,1,0,50.23,US,US,True,True,gmail.com
TXN-000955,28.62,92,1,0,62.61,US,US,True,True,outlook.com
TXN-000956,20.15,1011,2,0,70.57,US,US,False,True,outlook.com
TXN-000957,39.19,1083,1,2,70.54,AU,AU,False,False,outlook.com
TXN-000958,89.25,303,3,0,90.16,US,US,False,True,gmail.com
TXN-000959,68.74,230,1,0,123.66,US,US,False,True,gmail.com
TXN-000960,70.02,186,1,0,267.31,GB,AU,False,True,mailinator.com
TXN-000961,146.83,39,16,0,298.2,US,US,False,True,outlook.com
TXN-000962,16.15,153,1,1,61.53,FR,FR,False,True,yahoo.com
TXN-000963,88.51,34,1,2,27.39,CA,CA,False,True,yahoo.com
TXN-000964,79.72,1045,1,0,180.86,CA,CA,False,True,yahoo.com
TXN-000965,30.46,250,0,0,96.67,US,US,False,True,gmail.com
TXN-000966,38.97,176,2,0,123.6,US,FR,False,True,outlook.com
TXN-000967,279.91,115,0,0,62.37,DE,DE,False,True,yahoo.com
TXN-000968,10.05,423,2,0,237.69,DE,DE,False,True,outlook.com
TXN-000969,57.49,3,3,0,80.31,US,US,False,False,yahoo.com
TXN-000970,105.07,614,0,0,117.77,US,US,False,True,gmail.com
TXN-000971,37.12,1502,0,1,50.75,GB,GB,False,True,outlook.com
TXN-000972,27.8,198,2,0,60.64,US,FR,False,False,gmail.com
TXN-000973,66.94,779,1,0,19.63,GB,GB,False,True,example.com
TXN-000974,74.65,182,3,0,35.3,US,US,False,True,icloud.com
TXN-000975,252.4,151,1,0,47.61,US,US,False,True,yahoo.com
TXN-000976,21.74,614,4,0,25.02,US,US,False,True,outlook.com
TXN-000977,720.8,60,2,0,58.71,DE,US,False,False,yahoo.com
TXN-000978,44.57,1,1,0,,US,US,False,True,example.com
TXN-000979,33.99,155,2,0,49.79,AU,AU,False,True,gmail.com
TXN-000980,59.19,0,2,0,70.97,US,US,True,True,yahoo.com
TXN-000981,279.19,83,1,0,97.8,FR,FR,False,True,icloud.com
TXN-000982,100.85,556,0,0,49.37,CA,CA,False,False,icloud.com
TXN-000983,67.9,992,2,0,38.5,US,US,False,True,yahoo.com
TXN-000984,27.09,364,0,0,146.63,US,US,False,False,yahoo.com
TXN-000985,60.56,1890,1,0,164.09,AU,AU,False,True,gmail.com
TXN-000986,18.2,164,1,0,76.66,GB,GB,False,True,outlook.com
TXN-000987,110.23,167,1,0,68.34,GB,GB,False,True,icloud.com
TXN-000988,214.87,254,1,0,62.85,US,US,False,False,gmail.com
TXN-000989,29.98,505,1,0,125.96,US,US,False,True,outlook.com
TXN-000990,21.35,861,2,0,94.35,US,US,False,True,outlook.com
TXN-000991,210.46,1290,0,0,94.03,US,US,False,True,mailinator.com
TXN-000992,19.4,158,2,0,54.71,US,US,True,True,outlook.com
TXN-000993,158.81,197,2,0,36.21,GB,GB,True,False,outlook.com
TXN-000994,33.46,73,0,1,128.45,GB,GB,False,False,example.com
TXN-000995,23.3,594,2,0,92.44,US,US,False,True,yahoo.com
TXN-000996,50.01,864,2,0,40.62,GB,GB,False,True,icloud.com
TXN-000997,27.05,136,2,0,59.59,CA,CA,False,True,outlook.com
TXN-000998,44.31,205,2,0,145.03,FR,FR,False,False,yahoo.com
TXN-000999,390.55,209,1,0,54.2,US,US,True,True,gmail.com
TXN-001000,37.66,4,1,0,,DE,DE,False,False,outlook.com
TXN-001001,31.22,82,1,0,95.21,US,US,False,True,outlook.com
TXN-001002,33.86,152,1,0,81.71,US,US,False,True,icloud.com
TXN-001003,70.8,473,2,0,37.14,CA,CA,False,True,gmail.com
TXN-001004,54.94,3,1,0,43.8,GB,GB,False,False,icloud.com
TXN-001005,106.26,799,1,0,36.65,US,US,False,True,outlook.com
TXN-001006,176.21,78,2,0,81.7,DE,DE,False,True,outlook.com
TXN-001007,159.34,81,0,0,46.12,AU,AU,False,True,outlook.com
TXN-001008,20.59,164,0,0,94.67,US,US,False,True,outlook.com
TXN-001009,2.8,943,1,5,60.7,US,US,True,True,outlook.com
TXN-001010,131.89,11,1,0,,GB,GB,False,True,icloud.com
TXN-001011,16.56,5,1,0,,US,US,False,True,yahoo.com
TXN-001012,90.11,262,1,0,,DE,DE,False,True,gmail.com
TXN-001013,143.48,297,4,0,78.97,US,US,False,False,outlook.com
TXN-001014,184.95,197,1,0,95.0,US,US,False,True,yahoo.com
TXN-001015,73.33,734,1,0,434.21,US,US,False,True,gmail.com
TXN-001016,5.3,26,1,0,,DE,DE,False,False,icloud.com
TXN-001017,29.94,485,1,0,143.22,US,US,False,False,example.com
TXN-001018,11.3,565,0,0,102.57,US,US,True,True,guerrillamail.com
TXN-001019,95.8,9,2,0,72.01,CA,CA,False,True,outlook.com
TXN-001020,23.3,620,1,0,56.85,US,US,False,True,gmail.com
TXN-001021,23.7,175,3,0,138.04,US,US,False,True,gmail.com
TXN-001022,71.34,140,0,0,98.57,GB,GB,False,True,icloud.com
TXN-001023,45.04,289,0,0,68.71,DE,DE,False,True,gmail.com
TXN-001024,142.33,144,2,0,185.87,AU,AU,True,True,gmail.com
TXN-001025,28.29,251,1,0,126.14,FR,FR,False,True,icloud.com
TXN-001026,63.22,603,3,0,81.49,GB,GB,False,True,gmail.com
TXN-001027,23.78,483,1,0,56.81,US,US,False,False,gmail.com
TXN-001028,21.62,464,0,0,53.97,US,US,True,True,outlook.com
TXN-001029,39.68,459,2,0,76.0,CA,CA,False,True,icloud.com
TXN-001030,120.13,20,1,0,116.2,US,US,False,False,gmail.com
TXN-001031,66.48,184,0,0,33.66,CA,CA,False,False,gmail.com
TXN-001032,27.92,15,1,0,,US,US,False,True,yahoo.com
TXN-001033,24.53,7,1,0,,CA,CA,True,True,yahoo.com
TXN-001034,84.36,50,0,0,67.65,US,US,True,False,gmail.com
TXN-001035,63.07,999,3,0,114.99,GB,GB,False,True,icloud.com
TXN-001036,140.9,30,1,0,46.33,US,US,False,False,yahoo.com
TXN-001037,23.18,336,1,0,62.41,GB,GB,False,False,yahoo.com
TXN-001038,393.94,116,0,0,75.04,US,US,True,True,gmail.com
TXN-001039,58.38,257,0,0,70.4,US,US,False,True,guerrillamail.com
TXN-001040,23.38,3,1,0,,GB,GB,False,True,gmail.com
TXN-001041,53.78,236,1,0,52.97,GB,GB,False,True,gmail.com
TXN-001042,0.52,74,1,7,194.33,FR,FR,False,True,example.com
TXN-001043,14.43,186,1,0,44.76,AU,AU,False,False,gmail.com
TXN-001044,15.3,266,0,1,152.84,US,US,False,False,gmail.com
TXN-001045,269.06,9,0,1,77.26,US,US,False,True,outlook.com
TXN-001046,32.62,166,0,0,121.21,US,US,False,True,example.com
TXN-001047,96.86,739,0,0,37.91,GB,GB,False,True,gmail.com
TXN-001048,114.77,156,0,0,31.18,DE,DE,False,True,gmail.com
TXN-001049,30.46,1975,0,2,41.51,US,US,False,True,yahoo.com
TXN-001050,623.46,55,2,0,40.47,DE,DE,False,True,guerrillamail.com
TXN-001051,31.58,539,0,0,56.73,AU,AU,False,True,gmail.com
TXN-001052,99.81,247,2,0,147.81,US,US,False,True,gmail.com
TXN-001053,128.96,2439,0,0,401.13,FR,FR,False,False,gmail.com
TXN-001054,3045.47,1056,3,0,133.45,CA,AU,False,False,gmail.com
TXN-001055,1705.56,4,3,0,87.74,US,US,False,False,example.com
TXN-001056,100.55,56,0,0,58.48,US,US,False,False,outlook.com
TXN-001057,44.44,176,4,0,105.64,US,US,False,True,yahoo.com
TXN-001058,111.29,97,1,0,290.4,GB,GB,False,True,yahoo.com
TXN-001059,351.05,567,1,0,179.85,AU,AU,False,True,gmail.com
TXN-001060,233.66,796,1,0,102.05,AU,AU,False,False,yahoo.com
TXN-001061,10.82,284,1,0,145.96,US,US,True,True,gmail.com
TXN-001062,11.62,77,1,1,71.07,US,US,False,True,icloud.com
TXN-001063,39.28,377,1,0,30.92,US,US,True,True,yahoo.com
TXN-001064,12.51,108,0,0,110.28,US,US,False,True,outlook.com
TXN-001065,18.93,298,1,0,24.15,US,US,False,False,example.com
TXN-001066,68.9,19,0,0,,AU,AU,False,True,icloud.com
TXN-001067,73.34,457,2,0,85.2,US,US,False,True,gmail.com
TXN-001068,79.32,30,0,0,50.97,US,US,False,True,yahoo.com
TXN-001069,17.42,993,1,1,146.85,US,US,False,True,icloud.com
TXN-001070,48.58,172,0,1,61.15,US,FR,False,True,gmail.com
TXN-001071,39.12,443,3,0,118.41,US,US,True,True,icloud.com
TXN-001072,69.1,178,0,0,51.97,DE,FR,False,False,icloud.com
TXN-001073,73.73,240,3,0,32.04,US,US,False,False,yahoo.com
TXN-001074,34.22,361,4,0,188.92,AU,AU,False,True,outlook.com
TXN-001075,33.88,1272,2,0,116.95,GB,GB,False,True,gmail.com
TXN-001076,201.67,21,3,0,81.23,GB,GB,False,True,yahoo.com
TXN-001077,40.68,216,1,0,,US,US,False,True,yahoo.com
TXN-001078,187.95,76,0,1,71.71,AU,AU,False,True,outlook.com
TXN-001079,54.6,155,1,0,37.65,DE,DE,False,True,outlook.com
TXN-001080,82.18,437,1,1,44.93,US,US,False,True,gmail.com
TXN-001081,174.56,207,0,0,29.83,US,US,True,False,outlook.com
TXN-001082,39.01,205,3,0,62.9,US,US,False,True,gmail.com
TXN-001083,223.75,54,2,0,80.65,US,US,False,False,gmail.com
TXN-001084,36.35,298,0,0,52.89,US,US,True,True,gmail.com
TXN-001085,19.82,304,3,0,104.18,US,US,False,True,tempmail.io
TXN-001086,52.98,34,1,0,,DE,DE,False,True,gmail.com
TXN-001087,13.05,2,2,0,91.32,DE,DE,False,True,gmail.com
TXN-001088,19.24,328,1,0,128.77,US,US,False,True,gmail.com
TXN-001089,52.0,1026,1,0,37.4,US,US,False,False,outlook.com
TXN-001090,100.19,121,2,0,33.33,GB,GB,False,True,outlook.com
TXN-001091,99.52,67,2,2,46.75,US,US,False,False,yahoo.com
TXN-001092,56.83,117,2,0,124.45,US,US,False,True,gmail.com
TXN-001093,26.25,91,1,0,87.66,US,US,False,True,yahoo.com
TXN-001094,27.49,348,0,0,102.09,CA,CA,False,False,icloud.com
TXN-001095,51.49,38,0,0,114.85,FR,FR,False,True,gmail.com
TXN-001096,47.39,403,2,0,102.66,CA,CA,False,True,outlook.com
TXN-001097,96.69,561,0,0,33.59,US,US,False,True,tempmail.io
TXN-001098,83.43,57,1,0,42.75,US,US,True,True,icloud.com
TXN-001099,10.64,839,0,0,249.22,US,US,False,True,yahoo.com
TXN-001100,38.34,114,0,0,47.46,US,US,False,True,example.com
TXN-001101,65.45,683,0,0,122.58,US,US,False,True,example.com
TXN-001102,76.46,16,1,0,,AU,AU,True,False,yahoo.com
TXN-001103,139.65,7,1,0,179.06,DE,DE,False,True,outlook.com
TXN-001104,66.43,1142,1,0,37.99,DE,DE,False,True,yahoo.com
TXN-001105,56.66,68,3,0,58.21,FR,FR,False,True,outlook.com
TXN-001106,423.0,17,0,0,,AU,AU,False,True,outlook.com
TXN-001107,165.16,184,0,0,126.32,US,US,False,True,gmail.com
TXN-001108,40.08,86,14,0,83.44,GB,GB,False,True,icloud.com
TXN-001109,55.47,231,1,0,44.18,DE,DE,False,True,gmail.com
TXN-001110,85.66,35,1,0,124.92,AU,AU,False,True,outlook.com
TXN-001111,229.98,2005,2,1,55.3,GB,GB,False,True,yahoo.com
TXN-001112,69.51,57,3,0,94.89,GB,GB,False,False,outlook.com
TXN-001113,78.19,712,1,0,146.54,DE,DE,False,True,outlook.com
TXN-001114,49.2,1286,2,0,127.76,FR,FR,False,True,icloud.com
TXN-001115,39.12,214,0,0,71.88,US,US,False,True,yahoo.com
TXN-001116,38.59,90,4,0,70.64,DE,DE,False,False,example.com
TXN-001117,39.06,105,2,0,35.39,GB,GB,False,True,yahoo.com
TXN-001118,40.83,1151,3,0,35.98,US,US,False,False,example.com
TXN-001119,39.62,970,3,0,46.53,US,US,False,True,yahoo.com
TXN-001120,192.96,291,1,0,39.94,AU,AU,False,True,yahoo.com
TXN-001121,387.23,191,0,0,62.71,US,US,False,True,gmail.com
TXN-001122,31.85,202,1,0,41.73,GB,GB,False,False,gmail.com
TXN-001123,11.42,357,1,0,72.15,US,US,False,True,gmail.com
TXN-001124,36.07,598,3,0,47.96,US,US,False,False,yahoo.com
TXN-001125,36.3,569,4,0,52.18,FR,FR,False,True,icloud.com
TXN-001126,230.96,282,2,0,46.22,US,US,False,True,gmail.com
TXN-001127,26.85,86,4,0,56.16,FR,FR,False,False,yahoo.com
TXN-001128,34.08,106,3,0,50.53,US,US,False,True,gmail.com
TXN-001129,42.36,20,0,0,51.26,US,US,False,True,gmail.com
TXN-001130,69.62,274,1,0,83.74,US,US,False,True,gmail.com
TXN-001131,268.72,168,3,0,85.79,US,US,False,True,outlook.com
TXN-001132,510.43,385,0,0,67.08,US,US,False,True,icloud.com
TXN-001133,91.54,451,0,0,57.6,US,US,False,True,gmail.com
TXN-001134,667.48,1,2,0,141.29,US,US,False,False,yahoo.com
TXN-001135,20.22,454,1,0,52.0,US,AU,False,True,gmail.com
TXN-001136,45.4,646,2,0,114.26,AU,AU,False,True,yahoo.com
TXN-001137,18.47,92,1,0,39.8,US,US,False,True,icloud.com
TXN-001138,15.55,41,3,0,40.24,US,US,False,True,example.com
TXN-001139,17.14,2190,1,0,73.68,US,US,False,True,icloud.com
TXN-001140,31.08,278,3,0,44.46,US,US,False,True,yahoo.com
TXN-001141,45.87,92,0,0,107.12,US,US,False,True,icloud.com
TXN-001142,91.78,764,0,0,72.25,GB,GB,False,True,example.com
TXN-001143,97.07,126,1,0,116.61,US,US,False,False,outlook.com
TXN-001144,208.85,1083,0,0,52.79,US,US,False,True,gmail.com
TXN-001145,178.95,562,1,0,55.88,GB,GB,False,False,gmail.com
TXN-001146,72.21,7,0,0,,US,US,False,True,gmail.com
TXN-001147,9.83,54,0,1,102.78,FR,FR,False,True,gmail.com
TXN-001148,271.31,144,1,0,188.67,US,US,False,True,icloud.com
TXN-001149,9.44,501,0,0,36.53,US,US,False,True,icloud.com
TXN-001150,23.57,560,2,0,151.13,CA,CA,False,True,yahoo.com
TXN-001151,172.55,213,1,0,31.84,GB,GB,False,True,yahoo.com
TXN-001152,218.99,525,3,0,149.37,US,US,False,True,gmail.com
TXN-001153,31.8,368,4,0,83.62,GB,GB,False,True,yahoo.com
TXN-001154,150.37,479,0,0,70.48,US,US,False,True,gmail.com
TXN-001155,18.07,122,1,0,72.83,DE,DE,False,True,outlook.com
TXN-001156,127.5,615,1,0,75.83,FR,DE,False,True,gmail.com
TXN-001157,46.71,1009,1,0,112.45,DE,DE,False,True,icloud.com
TXN-001158,43.56,1076,1,0,191.21,US,US,False,True,icloud.com
TXN-001159,23.56,92,1,0,112.92,CA,CA,False,True,icloud.com
TXN-001160,47.28,216,0,0,69.13,US,US,False,True,outlook.com
TXN-001161,113.07,382,1,0,69.4,US,US,False,True,gmail.com
TXN-001162,45.75,214,2,0,68.01,CA,CA,False,True,gmail.com
TXN-001163,291.62,1689,0,1,30.56,US,US,False,True,outlook.com
TXN-001164,49.99,182,0,0,65.8,US,US,False,True,outlook.com
TXN-001165,76.47,532,1,1,63.67,AU,AU,False,True,gmail.com
TXN-001166,45.59,43,1,0,35.23,US,US,False,True,example.com
TXN-001167,155.38,129,1,0,83.19,US,US,False,True,yahoo.com
TXN-001168,21.73,13,2,0,73.95,US,US,False,True,icloud.com
TXN-001169,18.6,350,2,0,134.05,DE,DE,False,True,tempmail.io
TXN-001170,30.67,34,0,0,27.61,CA,CA,False,True,outlook.com
TXN-001171,125.7,719,0,0,86.69,US,US,False,True,outlook.com
TXN-001172,534.7,467,0,0,49.47,CA,CA,False,True,gmail.com
TXN-001173,59.47,1616,1,0,24.14,AU,AU,True,True,outlook.com
TXN-001174,34.28,78,1,0,18.78,US,US,False,True,tempmail.io
TXN-001175,37.83,671,2,1,40.42,US,US,False,True,yahoo.com
TXN-001176,44.49,117,8,1,76.15,CA,CA,False,True,outlook.com
TXN-001177,114.4,78,4,0,27.04,FR,FR,False,True,outlook.com
TXN-001178,328.32,18,1,0,,DE,DE,False,True,icloud.com
TXN-001179,97.69,261,2,0,129.7,US,US,False,True,yahoo.com
TXN-001180,53.09,99,1,0,53.73,GB,GB,False,True,gmail.com
TXN-001181,41.69,592,3,0,187.42,GB,GB,False,True,gmail.com
TXN-001182,929.15,27,0,0,198.83,FR,DE,False,False,icloud.com
TXN-001183,116.69,1112,0,0,40.69,DE,DE,False,True,icloud.com
TXN-001184,44.19,328,0,0,101.7,US,US,True,True,icloud.com
TXN-001185,90.94,632,1,0,37.18,AU,AU,False,True,yahoo.com
TXN-001186,114.12,298,0,0,28.35,US,US,False,True,gmail.com
TXN-001187,96.86,907,2,0,81.74,CA,CA,False,True,outlook.com
TXN-001188,81.8,36,3,0,173.28,US,US,False,True,gmail.com
TXN-001189,167.85,38,1,0,111.84,GB,GB,False,True,gmail.com
TXN-001190,33.45,1356,3,0,87.57,FR,FR,False,True,gmail.com
TXN-001191,57.53,536,3,0,41.7,US,US,False,True,gmail.com
TXN-001192,56.0,95,1,0,33.28,US,US,False,True,tempmail.io
TXN-001193,30.12,11,1,0,100.66,US,US,False,True,example.com
TXN-001194,23.5,919,0,0,92.11,CA,CA,False,True,gmail.com
TXN-001195,59.87,589,0,0,78.75,US,US,False,True,yahoo.com
TXN-001196,123.33,112,1,0,33.92,AU,AU,False,True,gmail.com
TXN-001197,83.91,650,0,0,87.99,CA,CA,False,True,yahoo.com
TXN-001198,85.86,210,4,0,174.05,FR,FR,False,True,icloud.com
TXN-001199,95.74,359,1,0,27.84,DE,DE,False,True,gmail.com
TXN-001200,27.15,496,13,0,59.27,CA,CA,False,False,guerrillamail.com
TXN-001201,122.47,44,0,0,51.44,US,US,False,True,yahoo.com
TXN-001202,128.48,181,0,0,,US,US,False,False,gmail.com
TXN-001203,124.65,79,1,0,189.7,US,US,False,False,icloud.com
TXN-001204,154.72,479,2,0,120.72,US,US,False,True,icloud.com
TXN-001205,26.25,207,2,0,11.37,GB,GB,False,False,gmail.com
TXN-001206,64.33,7,1,0,,US,US,False,True,example.com
TXN-001207,59.39,1076,2,0,59.34,US,US,False,False,gmail.com
TXN-001208,29.41,93,1,0,33.86,GB,GB,False,True,example.com
TXN-001209,97.01,347,2,0,59.35,US,US,False,True,yahoo.com
TXN-001210,94.07,194,1,0,72.47,CA,CA,False,False,gmail.com
TXN-001211,48.21,29,0,0,42.19,CA,CA,False,True,gmail.com
TXN-001212,67.36,704,0,0,103.66,US,US,False,True,example.com
TXN-001213,38.66,863,0,0,80.02,DE,DE,False,True,icloud.com
TXN-001214,30.1,86,1,0,92.89,US,US,False,True,gmail.com
TXN-001215,11.63,343,2,0,25.54,US,US,False,True,outlook.com
TXN-001216,19.96,1089,1,1,91.03,US,US,False,True,gmail.com
TXN-001217,76.83,877,0,0,31.65,US,US,False,False,icloud.com
TXN-001218,32.73,527,0,0,111.9,DE,AU,False,True,gmail.com
TXN-001219,79.84,84,1,0,98.69,AU,AU,False,True,gmail.com
TXN-001220,70.67,332,1,1,48.26,US,US,False,True,outlook.com
TXN-001221,93.52,89,4,0,48.1,AU,AU,False,False,outlook.com
TXN-001222,174.83,1238,1,0,75.31,US,US,False,True,yahoo.com
TXN-001223,36.07,109,1,0,110.89,US,US,False,False,outlook.com
TXN-001224,112.18,228,1,0,54.71,GB,GB,False,True,yahoo.com
TXN-001225,36.95,118,1,0,92.18,CA,CA,True,True,gmail.com
TXN-001226,23.24,347,0,0,57.45,US,US,False,False,icloud.com
TXN-001227,87.19,85,2,0,133.96,US,US,False,True,mailinator.com
TXN-001228,13.98,872,2,0,209.01,US,US,True,False,gmail.com
TXN-001229,43.76,917,4,0,65.78,DE,DE,False,True,outlook.com
TXN-001230,14.01,282,1,0,38.84,US,US,False,True,icloud.com
TXN-001231,43.05,1150,1,0,49.34,GB,GB,False,True,outlook.com
TXN-001232,29.41,58,0,0,207.58,US,US,False,True,outlook.com
TXN-001233,23.42,896,1,0,116.07,GB,GB,False,False,gmail.com
TXN-001234,69.74,257,0,0,95.62,US,US,False,True,tempmail.io
TXN-001235,67.71,358,0,0,63.24,US,US,False,True,gmail.com
TXN-001236,29.15,819,2,0,61.02,CA,CA,False,True,yahoo.com
TXN-001237,109.48,264,2,0,156.76,GB,GB,False,True,gmail.com
TXN-001238,69.0,94,3,0,28.17,GB,GB,False,True,gmail.com
TXN-001239,191.26,343,0,0,107.01,US,US,False,True,gmail.com
TXN-001240,57.55,89,3,0,24.59,DE,DE,False,False,gmail.com
TXN-001241,49.93,606,1,0,39.31,US,US,False,False,gmail.com
TXN-001242,47.57,357,2,0,94.19,US,US,False,False,gmail.com
TXN-001243,31.56,586,3,0,32.13,US,US,False,True,example.com
TXN-001244,133.69,1231,3,0,100.47,GB,GB,False,True,yahoo.com
TXN-001245,59.88,0,0,0,45.28,US,US,False,False,gmail.com
TXN-001246,24.75,496,3,0,53.9,DE,DE,False,False,outlook.com
TXN-001247,84.47,22,2,0,,DE,DE,True,True,outlook.com
TXN-001248,222.21,105,1,0,112.15,US,US,False,True,yahoo.com
TXN-001249,119.05,185,1,0,39.63,FR,FR,False,True,outlook.com
TXN-001250,55.65,242,0,0,51.64,US,US,False,True,gmail.com
TXN-001251,37.87,694,1,0,49.37,DE,DE,False,True,example.com
TXN-001252,25.29,621,2,1,32.67,DE,DE,True,True,yahoo.com
TXN-001253,21.72,64,1,0,83.4,DE,DE,False,True,icloud.com
TXN-001254,24.29,444,1,0,64.1,GB,GB,False,True,yahoo.com
TXN-001255,220.29,565,2,0,25.78,US,US,True,True,gmail.com
TXN-001256,75.86,213,1,0,67.2,US,US,True,True,yahoo.com
TXN-001257,56.71,448,1,0,123.26,US,US,False,True,gmail.com
TXN-001258,92.1,950,1,0,29.53,CA,CA,False,True,yahoo.com
TXN-001259,74.11,301,1,1,55.26,FR,FR,False,True,yahoo.com
TXN-001260,26.54,1015,1,0,76.01,US,US,False,True,yahoo.com
TXN-001261,90.56,344,1,0,99.05,CA,CA,False,True,yahoo.com
TXN-001262,17.31,220,1,1,114.94,US,US,False,True,outlook.com
TXN-001263,321.06,120,3,0,72.86,US,US,False,True,yahoo.com
TXN-001264,55.93,1388,0,0,72.73,US,US,False,True,icloud.com
TXN-001265,53.37,213,1,0,48.85,AU,AU,False,True,example.com
TXN-001266,72.77,120,2,0,,US,US,False,True,gmail.com
TXN-001267,119.42,142,1,0,86.22,GB,GB,False,False,yahoo.com
TXN-001268,196.73,337,0,0,62.56,US,US,False,True,yahoo.com
TXN-001269,20.34,858,2,0,29.99,AU,AU,False,True,gmail.com
TXN-001270,46.68,117,1,0,59.05,FR,FR,False,True,gmail.com
TXN-001271,71.36,1699,1,0,102.67,US,US,False,True,outlook.com
TXN-001272,59.65,422,0,0,67.82,AU,AU,False,True,yahoo.com
TXN-001273,23.39,623,2,0,92.39,CA,US,False,True,outlook.com
TXN-001274,30.67,363,1,0,44.48,CA,CA,False,True,outlook.com
TXN-001275,109.43,1495,1,0,61.78,CA,FR,False,True,gmail.com
TXN-001276,293.84,1485,0,0,77.6,GB,GB,False,True,gmail.com
TXN-001277,519.78,289,2,0,124.39,DE,CA,False,True,guerrillamail.com
TXN-001278,29.97,136,1,0,15.06,DE,DE,True,True,tempmail.io
TXN-001279,53.49,1183,1,1,110.9,US,US,False,True,gmail.com
TXN-001280,112.2,39,2,0,79.3,US,US,False,True,tempmail.io
TXN-001281,32.25,865,1,0,64.87,US,US,False,True,yahoo.com
TXN-001282,16.81,281,1,0,67.16,US,US,False,True,yahoo.com
TXN-001283,236.7,11,1,0,80.24,US,US,False,True,outlook.com
TXN-001284,13.23,36,2,0,89.24,US,US,False,True,outlook.com
TXN-001285,140.26,436,1,1,150.92,GB,GB,True,True,yahoo.com
TXN-001286,17.95,231,1,0,59.49,US,US,False,True,gmail.com
TXN-001287,15.71,279,3,0,698.17,CA,CA,False,True,gmail.com
TXN-001288,23.44,246,0,0,127.65,US,US,True,True,gmail.com
TXN-001289,79.62,1206,1,1,48.71,US,US,True,True,gmail.com
TXN-001290,129.15,1197,4,1,62.37,CA,CA,False,True,yahoo.com
TXN-001291,2.71,617,2,5,142.45,US,US,True,False,outlook.com
TXN-001292,1039.56,3,3,0,55.35,US,US,False,False,gmail.com
TXN-001293,358.3,950,0,0,128.99,US,US,False,False,yahoo.com
TXN-001294,41.19,583,1,0,45.58,DE,US,False,True,outlook.com
TXN-001295,73.84,1049,2,0,29.75,US,US,False,True,outlook.com
TXN-001296,24.8,207,0,0,149.2,US,US,False,True,outlook.com
TXN-001297,141.69,508,2,0,228.34,AU,AU,False,True,gmail.com
TXN-001298,47.76,239,2,0,123.63,GB,GB,False,True,yahoo.com
TXN-001299,306.39,213,0,0,86.7,US,US,False,True,yahoo.com
TXN-001300,30.8,252,1,0,97.62,CA,CA,False,True,icloud.com
TXN-001301,35.07,232,3,1,46.68,US,US,False,True,example.com
TXN-001302,124.49,406,1,1,98.27,US,US,False,True,outlook.com
TXN-001303,173.06,176,1,0,119.32,AU,AU,False,True,yahoo.com
TXN-001304,8.63,150,0,0,79.33,GB,GB,False,True,yahoo.com
TXN-001305,74.22,65,2,0,62.44,US,US,False,True,outlook.com
TXN-001306,6.0,449,1,0,34.28,FR,FR,False,True,outlook.com
TXN-001307,72.81,369,1,0,63.97,US,US,False,True,icloud.com
TXN-001308,33.45,300,3,0,64.63,DE,DE,False,True,yahoo.com
TXN-001309,150.83,141,0,1,148.36,US,US,False,True,example.com
TXN-001310,27.94,260,0,1,171.47,AU,AU,False,True,yahoo.com
TXN-001311,47.98,843,1,0,64.14,US,US,False,False,gmail.com
TXN-001312,25.07,248,3,0,90.73,US,US,False,True,outlook.com
TXN-001313,92.56,730,3,0,29.61,US,US,False,True,example.com
TXN-001314,332.05,582,1,0,61.26,CA,CA,False,True,gmail.com
TXN-001315,66.92,775,1,0,,FR,FR,False,True,outlook.com
TXN-001316,152.18,97,1,0,129.31,US,US,False,True,gmail.com
TXN-001317,142.92,212,3,0,121.84,US,US,False,True,gmail.com
TXN-001318,32.86,216,2,0,110.4,US,US,False,True,icloud.com
TXN-001319,33.73,277,2,0,24.63,US,US,False,True,gmail.com
TXN-001320,155.22,88,2,0,72.36,US,US,False,True,gmail.com
TXN-001321,13.48,290,0,0,168.72,US,US,False,True,icloud.com
TXN-001322,44.02,54,0,0,78.34,US,US,False,True,gmail.com
TXN-001323,45.21,970,0,0,81.84,CA,CA,False,True,yahoo.com
TXN-001324,487.44,65,2,0,101.43,CA,CA,False,True,gmail.com
TXN-001325,29.03,181,1,0,137.08,US,US,False,True,gmail.com
TXN-001326,963.35,4,4,1,194.13,US,US,False,False,outlook.com
TXN-001327,33.48,434,1,0,52.59,CA,CA,False,True,yahoo.com
TXN-001328,400.5,720,0,0,212.24,FR,FR,False,True,gmail.com
TXN-001329,131.66,777,2,0,63.83,US,US,False,True,example.com
TXN-001330,41.25,157,3,0,161.25,FR,FR,False,True,outlook.com
TXN-001331,154.11,63,0,0,89.69,US,US,False,True,gmail.com
TXN-001332,26.25,155,0,0,32.63,US,US,False,True,gmail.com
TXN-001333,53.27,753,2,0,50.26,AU,AU,False,True,gmail.com
TXN-001334,68.75,250,0,0,40.77,DE,DE,False,True,outlook.com
TXN-001335,73.09,438,1,0,22.67,US,US,False,True,yahoo.com
TXN-001336,40.46,137,0,0,49.65,US,US,False,False,outlook.com
TXN-001337,40.21,60,4,0,70.76,US,US,False,True,yahoo.com
TXN-001338,49.22,550,1,0,47.71,US,US,False,True,yahoo.com
TXN-001339,268.3,743,0,0,26.79,US,US,False,True,example.com
TXN-001340,25.79,268,1,1,36.77,US,US,False,False,yahoo.com
TXN-001341,67.91,1393,1,0,54.39,CA,CA,False,True,outlook.com
TXN-001342,37.96,864,1,0,73.08,US,US,True,True,outlook.com
TXN-001343,42.82,186,1,0,49.11,AU,AU,False,True,gmail.com
TXN-001344,194.38,109,0,0,23.94,US,US,False,True,gmail.com
TXN-001345,171.43,201,0,0,124.07,US,AU,False,True,yahoo.com
TXN-001346,11.71,1038,3,0,31.62,CA,CA,False,True,gmail.com
TXN-001347,39.66,106,1,0,41.52,AU,AU,False,True,yahoo.com
TXN-001348,24.43,911,4,0,38.86,US,US,False,True,gmail.com
TXN-001349,29.44,217,0,0,34.84,AU,AU,False,False,gmail.com
TXN-001350,186.02,192,1,0,141.47,US,US,False,True,icloud.com
TXN-001351,2038.82,247,1,0,47.09,US,AU,False,False,gmail.com
TXN-001352,26.41,1023,1,0,106.94,FR,GB,False,True,gmail.com
TXN-001353,85.92,109,1,0,58.87,US,US,False,True,yahoo.com
TXN-001354,8.36,13,2,1,50.73,US,US,False,True,gmail.com
TXN-001355,24.27,543,1,0,93.33,FR,FR,False,True,gmail.com
TXN-001356,52.98,723,1,0,268.34,GB,GB,False,False,outlook.com
TXN-001357,1652.09,0,1,0,91.7,US,US,False,False,icloud.com
TXN-001358,610.19,1293,1,0,97.44,DE,DE,False,True,yahoo.com
TXN-001359,25.8,31,4,0,,CA,CA,False,True,outlook.com
TXN-001360,25.67,267,1,0,39.65,US,US,False,True,gmail.com
TXN-001361,77.17,417,1,0,67.03,FR,FR,False,True,icloud.com
TXN-001362,51.28,26,1,0,,GB,GB,False,True,example.com
TXN-001363,59.91,12,0,1,63.33,US,US,False,True,example.com
TXN-001364,16.87,86,1,0,41.1,GB,GB,False,False,gmail.com
TXN-001365,14.87,142,0,0,56.3,DE,DE,False,True,example.com
TXN-001366,41.62,379,1,0,68.85,AU,AU,True,True,outlook.com
TXN-001367,28.59,209,0,0,40.44,GB,GB,False,True,example.com
TXN-001368,21.47,296,1,0,120.08,GB,GB,False,True,gmail.com
TXN-001369,27.73,22,1,0,29.84,DE,DE,True,True,yahoo.com
TXN-001370,208.7,208,0,1,122.12,AU,AU,False,True,gmail.com
TXN-001371,25.87,536,0,0,46.2,AU,AU,False,True,icloud.com
TXN-001372,77.5,962,0,0,52.77,US,US,False,True,icloud.com
TXN-001373,120.14,2173,1,0,41.66,US,US,False,True,example.com
TXN-001374,1581.77,0,2,0,87.34,US,CA,False,False,outlook.com
TXN-001375,41.47,148,0,0,54.39,DE,DE,False,False,outlook.com
TXN-001376,78.02,38,2,0,58.42,US,US,False,True,gmail.com
TXN-001377,13.06,248,13,0,46.63,DE,FR,False,True,gmail.com
TXN-001378,183.25,851,0,0,24.86,AU,AU,False,True,example.com
TXN-001379,114.64,642,2,0,38.9,US,CA,False,False,icloud.com
TXN-001380,87.18,654,1,2,39.29,US,US,False,True,outlook.com
TXN-001381,92.4,489,1,0,56.87,AU,AU,False,True,gmail.com
TXN-001382,19.7,93,1,1,59.08,FR,FR,True,False,icloud.com
TXN-001383,49.73,931,1,0,53.56,GB,GB,True,True,outlook.com
TXN-001384,792.52,577,0,1,45.74,US,AU,False,False,yahoo.com
TXN-001385,29.63,37,0,0,124.73,US,US,False,True,example.com
TXN-001386,61.8,439,0,0,132.38,GB,GB,False,True,outlook.com
TXN-001387,247.23,428,0,0,69.4,US,US,False,True,guerrillamail.com
TXN-001388,91.43,0,0,0,,US,DE,True,True,example.com
TXN-001389,133.1,617,1,0,74.56,US,US,False,True,icloud.com
TXN-001390,34.42,509,0,0,45.8,DE,DE,False,False,gmail.com
TXN-001391,406.37,8,3,0,,US,US,False,True,gmail.com
TXN-001392,13.21,199,0,0,161.78,US,US,False,False,yahoo.com
TXN-001393,53.89,911,1,0,80.85,US,US,False,False,gmail.com
TXN-001394,157.8,57,2,0,115.51,DE,DE,False,False,gmail.com
TXN-001395,49.5,363,1,0,107.89,US,US,False,True,example.com
TXN-001396,438.03,147,0,0,93.59,US,US,False,True,outlook.com
TXN-001397,9.78,792,2,0,32.32,US,US,False,True,gmail.com
TXN-001398,1491.76,2,3,0,63.83,US,US,False,False,example.com
TXN-001399,9.15,1281,1,0,,GB,GB,False,True,gmail.com
TXN-001400,23.13,393,2,0,130.48,FR,FR,False,True,example.com
TXN-001401,21.23,386,0,0,39.67,GB,GB,False,True,yahoo.com
TXN-001402,94.3,572,1,0,113.31,US,US,False,True,example.com
TXN-001403,64.71,34,2,0,47.95,GB,GB,False,True,gmail.com
TXN-001404,12.36,3,0,0,,US,US,False,True,yahoo.com
TXN-001405,168.79,246,1,0,86.39,CA,CA,False,True,example.com
TXN-001406,61.14,93,2,0,46.72,US,US,False,True,gmail.com
TXN-001407,76.69,40,1,0,85.62,FR,FR,False,False,gmail.com
TXN-001408,41.72,340,1,1,30.69,US,US,False,True,gmail.com
TXN-001409,344.25,161,3,0,131.55,GB,GB,False,True,yahoo.com
TXN-001410,82.04,239,1,0,85.88,GB,GB,False,False,example.com
TXN-001411,39.95,20,0,0,75.79,US,US,False,True,icloud.com
TXN-001412,65.68,782,1,0,57.34,US,US,False,False,yahoo.com
TXN-001413,86.88,200,3,0,15.46,AU,AU,False,True,gmail.com
TXN-001414,18.17,309,0,0,69.97,DE,DE,False,True,gmail.com
TXN-001415,113.7,64,0,0,47.45,US,US,False,True,gmail.com
TXN-001416,568.44,4,1,0,102.94,DE,DE,False,False,gmail.com
TXN-001417,296.91,152,1,0,53.81,AU,AU,False,True,yahoo.com
TXN-001418,43.31,34,3,0,52.42,US,US,False,True,icloud.com
TXN-001419,92.8,45,1,0,84.93,GB,GB,False,True,gmail.com
TXN-001420,46.49,346,0,0,145.36,US,US,False,False,yahoo.com
TXN-001421,71.34,74,1,1,94.75,US,US,False,False,icloud.com
TXN-001422,35.77,368,1,0,59.65,CA,CA,False,True,example.com
TXN-001423,11.96,104,0,0,73.69,GB,GB,False,True,yahoo.com
TXN-001424,25.19,63,2,0,22.97,US,US,False,True,icloud.com
TXN-001425,48.26,373,0,0,434.33,FR,FR,False,True,outlook.com
TXN-001426,92.1,329,1,0,51.21,AU,AU,True,False,gmail.com
TXN-001427,32.07,86,2,0,29.29,AU,CA,True,True,gmail.com
TXN-001428,82.54,53,3,0,80.82,FR,FR,False,True,gmail.com
TXN-001429,48.8,115,1,0,34.35,US,US,False,True,example.com
TXN-001430,33.85,764,0,0,69.19,GB,GB,False,True,icloud.com
TXN-001431,258.7,187,0,0,16.9,CA,CA,False,True,yahoo.com
TXN-001432,117.98,573,2,0,82.9,GB,GB,False,True,gmail.com
TXN-001433,2405.71,0,4,0,60.36,US,US,True,False,gmail.com
TXN-001434,49.4,400,3,0,88.31,DE,DE,False,True,yahoo.com
TXN-001435,29.93,73,4,1,125.13,US,US,False,True,outlook.com
TXN-001436,43.56,101,0,0,71.08,US,US,False,True,gmail.com
TXN-001437,85.11,654,0,0,24.88,US,US,False,True,gmail.com
TXN-001438,92.29,164,3,0,123.96,US,US,False,True,yahoo.com
TXN-001439,44.64,285,3,0,29.67,US,US,False,True,gmail.com
TXN-001440,10.54,743,1,0,50.46,DE,DE,False,True,example.com
TXN-001441,2153.46,3,0,1,200.03,FR,FR,False,False,gmail.com
TXN-001442,101.54,1198,2,0,115.77,US,US,False,False,yahoo.com
TXN-001443,29.84,186,1,0,63.49,US,US,True,True,outlook.com
TXN-001444,34.61,451,1,0,68.0,US,US,False,True,outlook.com
TXN-001445,190.85,4,0,0,,US,US,False,True,yahoo.com
TXN-001446,10.02,629,14,0,42.22,DE,DE,False,True,icloud.com
TXN-001447,101.21,13,1,0,,GB,GB,False,False,yahoo.com
TXN-001448,292.24,265,2,0,72.54,DE,DE,False,True,mailinator.com
TXN-001449,76.4,114,1,0,49.27,CA,CA,False,True,example.com
TXN-001450,10.04,280,2,0,43.99,CA,CA,False,True,outlook.com
TXN-001451,19.53,327,2,0,49.54,DE,DE,False,True,gmail.com
TXN-001452,46.82,843,0,0,71.84,US,US,False,True,icloud.com
TXN-001453,2.59,598,3,1,84.32,US,US,False,True,gmail.com
TXN-001454,85.24,32,2,0,50.14,US,US,False,True,yahoo.com
TXN-001455,16.85,547,0,1,49.58,US,US,False,True,outlook.com
TXN-001456,48.4,184,2,0,27.46,CA,CA,False,True,gmail.com
TXN-001457,24.62,432,1,0,48.76,GB,GB,False,True,outlook.com
TXN-001458,43.96,415,0,0,44.62,US,US,False,True,gmail.com
TXN-001459,61.81,282,2,0,28.6,US,US,False,True,gmail.com
TXN-001460,60.16,418,3,1,,FR,FR,False,True,yahoo.com
TXN-001461,28.12,430,0,0,43.21,US,US,False,True,gmail.com
TXN-001462,23.26,571,2,0,161.96,GB,GB,False,True,yahoo.com
TXN-001463,113.42,129,1,1,38.87,AU,AU,False,True,gmail.com
TXN-001464,77.71,469,3,0,57.78,CA,CA,False,True,gmail.com
TXN-001465,61.99,353,0,0,194.65,GB,GB,False,False,example.com
TXN-001466,109.66,16,1,0,,DE,DE,False,True,yahoo.com
TXN-001467,21.76,44,1,0,89.56,FR,FR,False,True,icloud.com
TXN-001468,63.6,578,1,0,57.15,CA,CA,False,True,guerrillamail.com
TXN-001469,14.62,595,1,0,67.96,US,US,False,True,gmail.com
TXN-001470,195.25,400,1,1,80.98,GB,GB,False,True,gmail.com
TXN-001471,81.16,143,1,0,69.28,FR,DE,False,True,icloud.com
TXN-001472,30.22,58,1,0,105.14,DE,DE,False,True,gmail.com
TXN-001473,53.59,81,1,0,197.77,DE,DE,False,False,icloud.com
TXN-001474,29.26,92,1,0,39.14,US,US,False,True,outlook.com
TXN-001475,1237.69,865,1,2,76.79,CA,US,False,False,example.com
TXN-001476,25.89,818,1,0,107.95,DE,DE,False,True,yahoo.com
TXN-001477,20.7,26,4,0,154.49,US,US,False,True,example.com
TXN-001478,135.72,385,0,0,41.82,US,US,False,False,icloud.com
TXN-001479,221.84,153,0,0,54.43,CA,CA,False,True,gmail.com
TXN-001480,22.69,52,2,0,63.95,GB,GB,False,True,example.com
TXN-001481,3194.52,303,0,0,229.25,US,FR,False,False,gmail.com
TXN-001482,78.1,207,0,0,144.55,US,US,False,False,outlook.com
TXN-001483,123.9,181,4,0,68.36,CA,CA,True,False,outlook.com
TXN-001484,104.99,71,2,0,34.04,US,US,False,True,outlook.com
TXN-001485,112.39,108,0,0,35.75,DE,DE,False,True,outlook.com
TXN-001486,45.89,474,0,0,33.14,US,US,False,False,icloud.com
TXN-001487,80.31,694,1,0,82.99,GB,GB,False,True,gmail.com
TXN-001488,16.08,73,2,0,85.2,FR,FR,False,True,gmail.com
TXN-001489,66.14,32,0,0,132.21,US,US,False,True,gmail.com
TXN-001490,2215.17,236,0,0,61.68,GB,AU,False,False,tempmail.io
TXN-001491,91.83,227,1,0,203.05,US,US,False,False,gmail.com
TXN-001492,51.03,1522,1,0,48.36,US,US,False,False,outlook.com
TXN-001493,1.95,56,1,6,46.4,CA,DE,False,True,icloud.com
TXN-001494,27.67,170,2,0,67.69,AU,AU,False,True,outlook.com
TXN-001495,24.88,35,1,0,85.05,US,US,False,True,gmail.com
TXN-001496,51.63,94,1,0,71.29,DE,DE,True,True,yahoo.com
TXN-001497,43.32,928,1,0,40.72,US,US,False,True,mailinator.com
TXN-001498,39.91,269,0,0,231.64,AU,AU,False,True,yahoo.com
TXN-001499,50.96,470,1,0,103.58,US,US,False,True,yahoo.com
TXN-001500,32.6,112,1,0,121.65,US,US,True,True,gmail.com
