claim_id,claim_amount,coverage_limit,claim_type,policy_active,policy_start,loss_date,reported_date,prior_claims_12m,police_report
CLM-00001,560,15000,theft,True,2022-12-02,2025-02-15,2025-02-15,0,True
CLM-00002,3592,50000,medical,True,2023-06-25,2024-03-18,2024-03-24,0,True
CLM-00003,298,50000,medical,True,2021-11-24,2024-03-15,2024-04-17,2,False
CLM-00004,1856,25000,auto,False,2021-03-03,2023-07-08,2023-07-15,0,False
CLM-00005,6444,25000,auto,True,2022-01-19,2022-03-23,2022-03-28,0,False
CLM-00006,2028,300000,home,True,2022-06-14,2024-04-05,2024-04-08,0,False
CLM-00007,381,50000,medical,True,2022-05-13,2024-04-10,2024-04-11,0,False
CLM-00008,1695,300000,home,True,2023-02-09,2023-11-13,2023-11-18,0,False
CLM-00009,1428,25000,auto,True,2022-02-18,2022-08-09,2022-08-15,1,False
CLM-00010,13019,25000,auto,True,2023-02-05,2023-10-19,2023-10-21,0,False
CLM-00011,7170,300000,home,True,2023-06-13,2024-09-23,2024-09-28,2,False
CLM-00012,2992,25000,auto,True,2024-10-18,2026-12-01,2026-12-06,0,False
CLM-00013,3130,50000,medical,True,2021-06-16,2021-07-02,2021-07-03,0,False
CLM-00014,12551,25000,auto,True,2021-04-13,2023-04-19,2023-04-21,0,False
CLM-00015,23042,15000,theft,True,2022-07-14,2024-09-29,2024-10-01,0,True
CLM-00016,4447,300000,home,True,2022-03-11,2023-05-15,2023-05-16,1,False
CLM-00017,21044,300000,home,True,2024-02-18,2024-06-04,2024-06-07,0,False
CLM-00018,14460,300000,home,True,2021-01-20,2021-11-27,2021-11-27,0,False
CLM-00019,2826,25000,auto,True,2021-08-06,2022-08-14,2022-08-15,0,False
CLM-00020,2983,25000,auto,True,2021-07-18,2023-02-15,2023-02-20,0,True
CLM-00021,16382,300000,home,True,2023-05-05,2024-09-07,2024-09-10,0,False
CLM-00022,4344,25000,auto,True,2021-12-16,2022-10-01,2022-10-01,0,False
CLM-00023,2194,25000,auto,True,2025-04-04,2025-05-08,2025-06-08,0,False
CLM-00024,17567,25000,auto,True,2022-06-23,2024-02-11,2024-02-20,0,False
CLM-00025,3473,25000,auto,True,2021-12-04,2023-05-27,2023-07-24,0,True
CLM-00026,4298,15000,theft,True,2021-07-20,2023-04-13,2023-04-16,4,True
CLM-00027,3378,25000,auto,True,2021-10-18,2023-09-11,2023-09-15,0,True
CLM-00028,3665,25000,auto,True,2023-08-19,2023-12-04,2023-12-09,0,False
CLM-00029,3016,15000,theft,True,2024-12-03,2024-12-23,2025-06-01,0,True
CLM-00030,3595,25000,auto,True,2025-04-26,2025-07-23,2025-07-24,0,True
CLM-00031,616,25000,auto,True,2022-03-28,2023-10-15,2023-10-17,0,True
CLM-00032,7145,300000,home,True,2024-05-11,2025-05-05,2025-05-06,1,False
CLM-00033,4468,15000,theft,True,2022-10-13,2022-11-29,2022-12-02,0,True
CLM-00034,7430,25000,auto,True,2021-08-18,2022-02-01,2022-02-07,0,False
CLM-00035,1418,25000,auto,True,2023-05-03,2024-05-24,2024-05-24,2,False
CLM-00036,5533,300000,home,True,2023-08-03,2024-06-11,2024-06-11,0,False
CLM-00037,6985,300000,home,True,2024-08-31,2026-03-30,2026-04-06,0,False
CLM-00038,3256,25000,auto,True,2021-03-31,2022-09-18,2022-09-19,1,True
CLM-00039,10782,300000,home,True,2023-10-27,2024-12-23,2024-12-25,0,False
CLM-00040,1350,15000,theft,True,2023-03-02,2025-05-12,2025-05-18,1,True
CLM-00041,7986,25000,auto,True,2022-01-04,2022-01-06,2022-01-14,0,False
CLM-00042,1209,300000,home,True,2022-06-22,2024-09-29,2024-10-06,2,False
CLM-00043,1764,50000,medical,False,2021-09-05,2021-09-13,2021-12-25,0,False
CLM-00044,6085,300000,home,True,2022-08-30,2024-10-26,2024-10-28,0,False
CLM-00045,2156,25000,auto,True,2021-11-16,2024-04-05,2024-05-22,0,False
CLM-00046,1486,300000,home,True,2021-04-26,2022-08-13,2022-08-16,0,False
CLM-00047,2782,15000,theft,True,2024-05-19,2026-01-01,2026-03-01,0,False
CLM-00048,9750,300000,home,True,2022-05-31,2023-04-09,2023-04-12,0,False
CLM-00049,5064,25000,auto,True,2024-07-12,2025-06-09,2025-06-10,0,False
CLM-00050,700,25000,auto,True,2025-01-24,2026-12-18,2026-12-22,1,False
CLM-00051,2714,300000,home,True,2024-03-12,2025-02-13,2025-02-19,1,True
CLM-00052,8689,25000,auto,True,2024-07-27,2024-11-03,2024-11-05,0,False
CLM-00053,2853,25000,auto,True,2022-02-16,2023-12-21,2024-03-21,0,True
CLM-00054,1086,50000,medical,True,2022-04-02,2023-09-20,2023-09-24,0,False
CLM-00055,951,25000,auto,True,2024-03-14,2025-06-12,2025-12-12,1,False
CLM-00056,2420,15000,theft,True,2021-03-02,2023-04-10,2023-04-10,1,True
CLM-00057,2463,25000,auto,True,2021-08-13,2023-12-16,2023-12-31,1,False
CLM-00058,736,25000,auto,True,2023-11-14,2024-11-28,2024-12-02,0,False
CLM-00059,2174,25000,auto,True,2022-04-03,2024-02-08,2024-02-26,0,True
CLM-00060,578,25000,auto,True,2022-07-27,2023-10-22,2023-10-22,0,
CLM-00061,7930,300000,home,True,2025-01-29,2025-12-15,2025-12-20,0,False
CLM-00062,1443,300000,home,True,2023-01-01,2023-01-05,2023-01-10,0,False
CLM-00063,669,50000,medical,True,2021-01-16,2022-11-10,2022-11-13,0,False
CLM-00064,6406,25000,auto,False,2021-02-14,2022-07-05,2022-07-07,2,False
CLM-00065,11742,300000,home,True,2024-01-18,2024-07-23,2024-07-23,0,False
CLM-00066,20791,300000,home,True,2022-09-26,2024-11-25,2024-12-02,0,False
CLM-00067,6582,300000,home,True,2023-04-04,2025-02-22,2025-02-28,0,False
CLM-00068,5155,300000,home,True,2021-04-24,2023-05-06,2023-05-07,1,False
CLM-00069,5309,25000,auto,True,2022-05-15,2022-07-14,2022-07-14,3,True
CLM-00070,3154,25000,auto,True,2021-08-05,2021-12-24,2021-12-28,1,False
CLM-00071,2249,300000,home,True,2023-02-07,2025-06-15,2025-06-18,1,False
CLM-00072,6450,25000,auto,True,2023-04-15,2025-05-31,2025-06-02,0,False
CLM-00073,2251,15000,theft,True,2022-12-27,2023-07-29,2023-08-05,0,False
CLM-00074,2871,25000,auto,True,2024-10-29,2026-05-17,2026-05-17,0,
CLM-00075,4869,300000,home,True,2022-04-23,2022-11-03,2023-05-08,0,False
CLM-00076,1308,25000,auto,True,2025-03-04,2025-08-13,2025-08-18,1,False
CLM-00077,3472,15000,theft,True,2024-08-08,2025-07-20,2025-09-23,0,False
CLM-00078,4200,25000,auto,True,2023-04-09,2023-10-05,2023-10-10,0,False
CLM-00079,2179,25000,auto,True,2022-01-14,2022-11-06,2022-11-06,0,False
CLM-00080,9783,300000,home,True,2021-09-01,2022-04-22,2022-04-29,0,False
CLM-00081,2316,50000,medical,True,2021-10-19,2022-06-12,2022-06-17,0,True
CLM-00082,1507,25000,auto,True,2021-06-10,2023-04-19,2023-04-23,0,False
CLM-00083,1426,50000,medical,True,2023-08-13,2026-01-15,2026-03-25,1,True
CLM-00084,2838,25000,auto,True,2025-02-16,2025-08-02,2025-08-08,0,False
CLM-00085,1388,25000,auto,True,2021-12-13,2023-03-07,2023-03-12,2,True
CLM-00086,2309,50000,medical,True,2024-07-28,2026-09-21,2026-09-27,0,False
CLM-00087,1862,25000,auto,True,2021-05-17,2022-08-14,2022-08-15,0,True
CLM-00088,3275,25000,auto,False,2022-05-19,2022-06-12,2022-06-18,1,False
CLM-00089,2514,25000,auto,True,2023-06-20,2024-10-31,2024-11-04,3,True
CLM-00090,3330,300000,home,True,2021-01-13,2021-03-02,2021-03-05,2,False
CLM-00091,12959,300000,home,True,2023-06-04,2023-08-10,2023-09-17,0,False
CLM-00092,1576,25000,auto,True,2022-03-22,2023-02-14,2023-02-14,2,True
CLM-00093,1003,25000,auto,True,2022-11-14,2023-06-05,2023-06-12,1,False
CLM-00094,515,25000,auto,True,2023-03-09,2024-07-22,2024-07-28,1,False
CLM-00095,3934,25000,auto,True,garbled,2024-08-24,2024-08-25,3,True
CLM-00096,14304,300000,home,True,2024-04-20,2025-02-02,2025-03-20,0,False
CLM-00097,18140,300000,home,True,2023-01-07,2024-03-25,2024-03-26,0,False
CLM-00098,1873,25000,auto,True,2021-07-13,2023-07-21,2023-07-21,2,True
CLM-00099,4217,25000,auto,False,2023-07-17,2025-04-08,2025-04-08,2,True
CLM-00100,22350,25000,auto,True,2022-05-03,2024-06-17,2024-06-19,0,True
CLM-00101,7801,25000,auto,True,2022-02-16,2023-03-13,2023-06-12,0,True
CLM-00102,935,50000,medical,True,2023-05-14,2023-07-06,2023-07-10,0,False
CLM-00103,1632,50000,medical,True,2024-07-05,2026-05-27,2026-06-26,0,False
CLM-00104,1426,25000,auto,True,garbled,2023-10-09,2023-10-13,0,True
CLM-00105,2260,15000,theft,True,2024-12-20,2026-10-14,2026-10-17,0,True
CLM-00106,1835,25000,auto,True,2024-04-27,2025-02-21,2025-02-21,0,False
CLM-00107,1114,25000,auto,True,2021-01-17,2022-07-12,2022-07-15,0,False
CLM-00108,358,50000,medical,True,2025-01-10,2025-06-26,2025-06-27,0,False
CLM-00109,12224,25000,auto,True,2023-12-28,2024-03-09,2024-03-12,0,False
CLM-00110,11935,300000,home,True,2022-05-31,2022-09-10,2022-09-17,0,False
CLM-00111,1461,25000,auto,True,2021-02-27,2023-07-05,2023-07-06,2,True
CLM-00112,3636,300000,home,True,2023-09-15,2025-08-26,2025-10-20,1,False
CLM-00113,12634,25000,auto,True,2024-11-07,2025-11-12,2025-11-13,0,False
CLM-00114,946,25000,auto,True,2021-11-20,2023-10-19,2023-10-21,1,False
CLM-00115,6230,25000,auto,True,2022-04-20,2023-09-06,2023-09-06,1,False
CLM-00116,6322,25000,auto,True,2021-09-12,2023-01-03,2023-01-07,0,True
CLM-00117,18032,300000,home,True,2023-03-27,2023-07-18,2023-08-14,2,False
CLM-00118,1116,25000,auto,True,2022-01-12,2022-12-18,2022-12-22,0,True
CLM-00119,572,50000,medical,True,2022-09-22,2023-05-12,2023-05-19,0,False
CLM-00120,490,50000,medical,True,2021-07-29,2023-02-05,2023-02-08,2,False
CLM-00121,3127,300000,home,True,2022-01-19,2022-02-19,2022-02-25,0,False
CLM-00122,3669,50000,medical,True,2021-02-12,2022-10-15,2022-10-17,0,False
CLM-00123,1081,25000,auto,True,2025-02-11,2025-09-09,2025-09-11,0,True
CLM-00124,3465,25000,auto,True,2021-07-25,2023-02-04,2023-02-05,1,False
CLM-00125,2501,25000,auto,True,2024-04-19,2024-10-02,2024-10-06,0,False
CLM-00126,893,50000,medical,False,2025-02-19,2026-03-02,2026-03-05,0,False
CLM-00127,4635,25000,auto,True,2022-12-12,2023-10-09,2023-10-09,0,False
CLM-00128,11282,300000,home,True,2025-03-18,2026-10-03,2026-10-05,0,False
CLM-00129,1888,15000,theft,False,2021-11-24,2024-02-19,2024-02-21,1,True
CLM-00130,5110,300000,home,False,2023-10-08,2025-10-19,2025-10-24,0,True
CLM-00131,466,25000,auto,True,2022-03-14,2023-07-18,2023-07-23,0,False
CLM-00132,2750,50000,medical,True,2024-12-22,2027-04-10,2027-05-05,1,False
CLM-00133,4464,25000,auto,True,2024-08-01,2024-09-14,2024-09-20,1,True
CLM-00134,1287,25000,auto,True,2021-08-15,2023-08-11,2023-10-29,2,True
CLM-00135,8388,300000,home,True,2022-06-06,2024-10-23,2024-12-21,1,False
CLM-00136,21555,300000,home,True,2022-03-26,2024-04-01,2024-04-05,0,False
CLM-00137,1143,25000,auto,True,2023-05-17,2025-04-22,2025-04-22,1,True
CLM-00138,5915,25000,auto,True,2021-10-28,2022-04-07,2022-04-07,0,True
CLM-00139,3459,25000,auto,True,2022-07-23,2024-02-19,2024-02-20,0,True
CLM-00140,424,15000,theft,True,2023-08-13,2024-09-29,2024-10-01,0,True
CLM-00141,8376,300000,home,True,2023-08-06,2023-08-06,2023-08-06,0,False
CLM-00142,12647,25000,auto,True,2022-12-30,2024-04-08,2024-04-15,0,True
CLM-00143,1675,25000,auto,True,2025-01-22,2025-09-04,2025-09-11,0,False
CLM-00144,4962,25000,auto,True,2024-12-07,2025-04-21,2025-04-22,0,True
CLM-00145,2067,25000,auto,True,2021-12-13,2022-04-27,2022-05-05,1,True
CLM-00146,719,50000,medical,True,2024-12-13,2025-10-30,2025-11-01,0,False
CLM-00147,12328,300000,home,True,2024-07-01,2026-08-22,2026-08-22,0,False
CLM-00148,6826,25000,auto,True,2023-10-22,2025-10-20,2025-11-28,0,False
CLM-00149,1725,15000,theft,True,2025-01-09,2026-02-21,2026-02-28,1,True
CLM-00150,11273,15000,theft,True,2023-04-04,2025-08-14,2025-08-14,0,True
CLM-00151,6441,25000,auto,True,2025-02-13,2027-01-29,2027-05-25,0,False
CLM-00152,10577,15000,theft,True,2025-01-12,2027-01-23,2027-01-25,0,False
CLM-00153,5996,300000,home,True,2024-09-15,2024-12-10,2024-12-17,1,False
CLM-00154,6148,25000,auto,True,2023-08-30,2023-10-13,2023-11-06,0,False
CLM-00155,8572,25000,auto,True,2022-10-09,2023-11-10,2023-11-14,1,True
CLM-00156,1304,25000,auto,True,2023-10-30,2025-07-19,2025-07-26,0,False
CLM-00157,2584,50000,medical,True,2023-01-22,2024-06-29,2024-07-06,0,False
CLM-00158,1932,300000,home,True,2021-10-14,2023-09-25,2023-09-30,0,False
CLM-00159,6902,25000,auto,True,2023-03-13,2025-06-10,2025-06-14,1,False
CLM-00160,933,50000,medical,True,2024-12-16,2025-10-31,2026-03-03,0,False
CLM-00161,747,15000,theft,True,2024-11-15,2026-10-24,2026-10-28,1,True
CLM-00162,1335,25000,auto,True,2022-03-08,2023-09-08,2023-10-07,2,False
CLM-00163,4904,300000,home,True,2022-08-17,2022-09-16,2022-09-20,1,False
CLM-00164,2729,300000,home,True,2021-10-17,2022-09-17,2022-10-10,0,False
CLM-00165,1408,25000,auto,True,2021-05-06,2023-06-30,2023-07-04,0,True
CLM-00166,19209,300000,home,True,2023-09-02,2023-09-09,2023-09-11,0,False
CLM-00167,5807,25000,auto,True,2024-08-19,2025-12-02,2025-12-06,1,False
CLM-00168,2838,25000,auto,True,2023-03-09,2024-05-21,2024-05-27,1,True
CLM-00169,7432,300000,home,True,2022-07-15,2024-04-26,2024-04-26,0,False
CLM-00170,1555,25000,auto,True,2024-11-19,2025-09-25,2025-09-25,1,False
CLM-00171,4278,25000,auto,True,2022-04-16,2023-07-21,2023-07-23,0,True
CLM-00172,4980,25000,auto,True,2021-10-23,2022-09-19,2022-09-22,0,False
CLM-00173,4636,25000,auto,True,2024-07-14,2025-08-15,2025-09-06,0,False
CLM-00174,321,50000,medical,True,2023-05-08,2023-08-04,2023-09-14,0,False
CLM-00175,3109,25000,auto,True,2022-01-25,2023-08-26,2023-09-02,0,True
CLM-00176,12008,300000,home,True,2025-02-21,2025-07-04,2026-01-07,2,False
CLM-00177,5452,25000,auto,True,2023-11-07,2023-11-23,2023-11-23,2,True
CLM-00178,27010,25000,auto,True,2023-11-04,2023-11-28,2023-12-16,0,False
CLM-00179,11661,300000,home,True,2023-03-25,2023-05-06,2023-09-11,0,True
CLM-00180,10674,300000,home,True,2021-12-13,2022-12-03,2022-12-08,0,False
CLM-00181,6443,25000,auto,True,2022-01-13,2023-01-24,2023-04-29,1,False
CLM-00182,3304,15000,theft,True,2023-10-07,2026-02-25,2026-02-28,0,True
CLM-00183,13219,300000,home,True,2024-04-30,2025-02-15,2025-02-21,0,False
CLM-00184,1575,25000,auto,True,2024-01-20,2024-08-07,2024-08-08,0,True
CLM-00185,1539,25000,auto,True,2023-03-25,2024-01-13,2024-01-19,0,False
CLM-00186,346,50000,medical,True,2022-09-24,2025-02-28,2025-03-02,0,False
CLM-00187,1155,15000,theft,True,2021-12-09,2023-05-24,2023-07-06,0,True
CLM-00188,1069,50000,medical,True,2024-11-12,2024-11-20,2024-11-25,2,False
CLM-00189,12298,300000,home,True,2021-11-06,2023-01-11,2023-01-18,0,False
CLM-00190,8857,25000,auto,True,2024-01-19,2026-05-02,2026-05-06,0,False
CLM-00191,1941,25000,auto,True,2021-01-20,2023-02-10,2023-02-11,0,False
CLM-00192,1837,25000,auto,True,2022-11-11,2023-08-17,2023-10-14,1,True
CLM-00193,2152,25000,auto,True,2021-03-24,2022-01-03,2022-01-07,0,True
CLM-00194,7112,25000,auto,True,2021-06-18,2021-06-29,2021-07-03,0,True
CLM-00195,5720,300000,home,True,2023-02-24,2024-08-26,2024-09-15,0,False
CLM-00196,5831,25000,auto,True,2021-08-23,2022-04-01,2022-04-30,0,False
CLM-00197,1365,50000,medical,True,2024-12-25,2025-02-14,2025-02-18,0,False
CLM-00198,8924,300000,home,True,2024-04-06,2025-03-02,2025-03-10,0,False
CLM-00199,1143,25000,auto,True,2024-06-21,2025-06-10,2025-06-11,0,True
CLM-00200,4984,15000,theft,True,2021-08-13,2021-08-06,2021-08-06,1,True
CLM-00201,1982,25000,auto,True,2024-11-24,2026-01-05,2026-01-09,0,False
CLM-00202,801,50000,medical,True,2021-09-21,2022-07-19,2022-07-19,0,False
CLM-00203,2045,25000,auto,False,2021-09-14,2024-01-09,2024-01-09,0,False
CLM-00204,1345,15000,theft,True,2021-07-22,2022-03-24,2022-03-30,0,True
CLM-00205,3222,300000,home,True,2024-01-24,2025-12-22,2026-01-27,3,True
CLM-00206,1153,25000,auto,True,2021-06-30,2022-04-06,2022-04-09,0,False
CLM-00207,5766,300000,home,True,2023-07-13,2025-01-05,2025-01-06,1,True
CLM-00208,17542,300000,home,True,2023-04-29,2024-03-22,2024-03-23,0,False
CLM-00209,12731,15000,theft,True,2025-04-23,2027-05-16,2027-05-20,0,True
CLM-00210,879,25000,auto,True,2023-08-12,2024-02-26,2024-02-26,0,False
CLM-00211,2945,25000,auto,True,2024-01-17,2025-06-23,2025-06-27,0,False
CLM-00212,1201,15000,theft,True,2024-12-08,2025-11-06,2025-11-08,1,True
CLM-00213,5048,25000,auto,True,2022-02-07,2023-05-16,2023-05-17,0,True
CLM-00214,1945,25000,auto,True,2024-06-21,2024-11-21,2024-12-29,0,False
CLM-00215,3735,25000,auto,True,2024-03-11,2024-07-25,2024-07-29,0,False
CLM-00216,4057,25000,auto,True,2021-09-18,2021-12-30,2022-01-01,1,True
CLM-00217,7515,300000,home,True,2023-04-25,2024-01-11,2024-01-12,0,False
CLM-00218,1203,50000,medical,False,2023-09-07,2024-10-23,2024-10-25,1,False
CLM-00219,9210,300000,home,True,2021-01-21,2022-04-02,2022-04-08,1,True
CLM-00220,726,25000,auto,True,2025-02-16,2025-08-20,2025-08-26,2,False
CLM-00221,2164,300000,home,True,2024-07-09,2025-10-04,2025-10-05,0,False
CLM-00222,1246,300000,home,True,2021-06-27,2023-09-14,2023-09-21,0,False
CLM-00223,33659,300000,home,True,2022-01-26,2023-11-26,2023-12-03,0,False
CLM-00224,3149,300000,home,True,2023-06-24,2024-02-02,2024-02-09,0,False
CLM-00225,2767,300000,home,True,2022-09-10,2024-05-23,2024-05-24,0,True
CLM-00226,4685,300000,home,True,2024-02-01,2024-07-08,2024-07-14,0,False
CLM-00227,6991,300000,home,True,2023-06-18,2025-02-19,2025-02-22,0,False
CLM-00228,14702,25000,auto,True,2021-08-23,2022-07-19,2022-07-25,0,True
CLM-00229,7711,25000,auto,True,2022-10-20,2024-11-15,2024-11-19,0,False
CLM-00230,5147,25000,auto,False,2023-06-06,2024-02-09,2024-02-12,0,False
CLM-00231,1713,25000,auto,True,2022-01-08,2024-04-12,2024-04-17,0,False
CLM-00232,2261,25000,auto,True,2021-10-30,2024-01-23,2024-01-29,0,False
CLM-00233,1274,50000,medical,True,2024-01-05,2024-07-22,2024-07-22,0,False
CLM-00234,1778,25000,auto,True,2024-12-23,2026-07-18,2026-07-25,2,True
CLM-00235,3395,25000,auto,True,2023-03-17,2025-07-04,2025-08-26,0,True
CLM-00236,7254,300000,home,False,2021-12-03,2023-03-29,2023-04-03,1,False
CLM-00237,941,25000,auto,True,2024-10-23,2026-08-08,2026-08-15,0,False
CLM-00238,36988,300000,home,True,2024-10-06,2027-01-15,2027-01-16,0,False
CLM-00239,26718,300000,home,True,2024-11-06,2026-05-14,2026-05-16,0,False
CLM-00240,4496,300000,home,True,2023-02-18,2024-07-26,2024-07-29,1,False
CLM-00241,8690,300000,home,True,2021-02-26,2021-02-06,2021-05-10,1,False
CLM-00242,32494,300000,home,True,2021-12-02,2022-07-31,2022-08-03,0,True
CLM-00243,587,50000,medical,True,2021-11-16,2021-11-17,2021-11-24,0,False
CLM-00244,7778,25000,auto,True,2023-06-06,2023-07-21,2023-09-12,0,True
CLM-00245,2087,25000,auto,True,2021-03-08,2022-05-09,2022-08-19,0,False
CLM-00246,2278,15000,theft,True,2021-09-08,2022-03-08,2022-03-09,0,False
CLM-00247,870,50000,medical,True,2024-10-20,2026-08-19,2026-08-20,0,False
CLM-00248,649,50000,medical,True,2021-10-07,2023-03-01,2023-03-01,0,False
CLM-00249,1017,50000,medical,True,2024-11-16,2025-11-03,2025-11-13,2,False
CLM-00250,3800,25000,auto,True,2024-07-17,2024-09-12,2024-10-21,0,True
CLM-00251,5629,300000,home,True,2023-06-06,2024-04-18,2024-04-24,0,False
CLM-00252,5715,25000,auto,True,2021-01-10,2023-03-28,2023-03-28,1,False
CLM-00253,567,50000,medical,True,2023-09-27,2025-02-16,2025-02-18,1,False
CLM-00254,3606,25000,auto,True,2021-06-03,2022-11-10,2022-11-11,0,True
CLM-00255,10297,300000,home,True,2021-12-21,2023-11-04,2023-12-18,0,False
CLM-00256,2119,25000,auto,True,2021-09-07,2023-06-28,2023-07-05,0,False
CLM-00257,13706,300000,home,True,2024-10-11,2025-07-26,2025-07-29,0,False
CLM-00258,3556,25000,auto,True,2024-12-02,2026-09-27,2026-10-04,2,False
CLM-00259,595,50000,medical,True,2021-08-19,2021-09-04,2021-10-06,0,False
CLM-00260,12989,25000,auto,True,2024-06-04,2026-01-29,2026-03-25,0,False
CLM-00261,4632,25000,auto,True,2022-02-04,2023-01-30,2023-02-02,0,False
CLM-00262,1843,50000,medical,True,2024-09-15,2024-12-24,2024-12-28,0,False
CLM-00263,31035,300000,home,True,2024-12-25,2025-01-10,2025-01-14,1,False
CLM-00264,3796,25000,auto,True,garbled,2023-06-10,2023-07-14,0,True
CLM-00265,998,25000,auto,True,2025-02-12,2027-06-27,2027-06-29,0,False
CLM-00266,220,50000,medical,True,2022-04-15,2023-02-10,2023-02-11,0,False
CLM-00267,14770,25000,auto,True,2021-09-11,2022-06-29,2022-06-29,2,False
CLM-00268,545,50000,medical,True,2024-09-25,2024-09-05,2024-09-12,0,False
CLM-00269,969,25000,auto,True,2025-02-14,2025-02-28,2025-08-20,0,True
CLM-00270,7761,300000,home,True,2024-06-03,2025-11-14,2025-11-18,0,
CLM-00271,950,50000,medical,True,2025-01-14,2027-03-01,2027-03-07,1,False
CLM-00272,592,25000,auto,True,2022-06-25,2024-04-22,2024-05-13,2,False
CLM-00273,1042,25000,auto,True,2023-03-31,2025-08-10,2025-08-11,0,True
CLM-00274,3831,25000,auto,True,2024-03-20,2024-11-11,2024-11-14,1,False
CLM-00275,266,15000,theft,True,2023-03-06,2023-03-18,2023-03-21,0,True
CLM-00276,1264,25000,auto,True,2024-07-20,2026-12-01,2026-12-06,0,True
CLM-00277,2929,15000,theft,True,2021-12-04,2024-04-29,2024-05-05,0,True
CLM-00278,16655,300000,home,True,2025-03-16,2027-03-06,2027-03-06,0,
CLM-00279,2591,25000,auto,True,2023-12-31,2025-04-19,2025-04-19,0,
CLM-00280,5179,300000,home,True,2022-03-11,2022-10-15,2022-10-15,3,False
CLM-00281,3455,25000,auto,True,2023-11-24,2024-09-16,2024-11-09,1,True
CLM-00282,1286,50000,medical,True,2021-01-24,2021-04-23,2021-04-26,0,False
CLM-00283,546,50000,medical,True,2023-06-14,2025-01-08,2025-01-25,0,True
CLM-00284,4105,25000,auto,True,2024-02-16,2025-11-21,2025-11-22,1,True
CLM-00285,1289,50000,medical,True,2024-06-02,2025-02-11,2025-02-17,1,True
CLM-00286,3210,25000,auto,True,2021-12-15,2023-05-09,2023-05-15,0,
CLM-00287,1858,25000,auto,True,2024-01-06,2024-07-13,2024-07-17,0,False
CLM-00288,7002,300000,home,True,2023-12-21,2026-06-07,2026-06-08,2,True
CLM-00289,9027,25000,auto,True,2023-02-28,2024-04-19,2024-04-22,0,False
CLM-00290,2478,15000,theft,True,2021-01-25,2021-08-25,2021-08-31,0,True
CLM-00291,10201,300000,home,True,2022-01-29,2022-03-19,2022-03-25,0,True
CLM-00292,4699,50000,medical,True,2022-01-05,2023-04-02,2023-04-07,0,False
CLM-00293,894,50000,medical,True,2023-07-06,2023-12-06,2023-12-07,0,False
CLM-00294,38295,300000,home,True,2021-11-16,2023-12-10,2024-01-01,1,True
CLM-00295,7042,300000,home,True,2021-11-07,2023-09-29,2023-10-01,0,True
CLM-00296,1005,50000,medical,True,2021-07-09,2021-07-29,2021-07-30,0,False
CLM-00297,2438,25000,auto,True,2024-11-03,2026-02-10,2026-02-15,0,False
CLM-00298,2218,25000,auto,True,garbled,2023-11-15,2023-11-15,0,False
CLM-00299,1541,25000,auto,True,2024-11-24,2026-02-12,2026-02-19,0,False
CLM-00300,2742,25000,auto,True,2021-02-20,2021-09-15,2021-09-18,0,True
CLM-00301,8334,25000,auto,True,2025-01-17,2026-10-01,2026-10-02,0,False
CLM-00302,1363,15000,theft,True,2023-10-30,2024-10-10,2024-10-15,0,True
CLM-00303,8921,300000,home,True,2023-04-06,2025-06-14,2025-06-18,0,True
CLM-00304,5098,300000,home,True,2022-10-18,2023-01-25,2023-01-27,1,False
CLM-00305,4621,25000,auto,True,2024-05-21,2026-03-03,2026-03-05,0,True
CLM-00306,571,15000,theft,True,2024-07-04,2024-11-12,2024-11-15,0,True
CLM-00307,15007,300000,home,True,2021-02-08,2021-04-28,2021-05-02,2,False
CLM-00308,13137,300000,home,True,2024-06-26,2026-04-19,2026-04-22,2,False
CLM-00309,13828,300000,home,True,2024-06-11,2024-08-07,2024-09-19,0,False
CLM-00310,13222,300000,home,True,2024-11-12,2027-04-13,2027-04-13,0,False
CLM-00311,992,50000,medical,False,2024-09-20,2025-01-09,2025-03-03,1,False
CLM-00312,1934,25000,auto,True,2023-10-06,2024-10-08,2024-10-12,0,False
CLM-00313,9959,15000,theft,True,2021-01-31,2021-12-23,2022-01-16,0,True
CLM-00314,5415,15000,theft,True,2021-05-04,2023-07-17,2023-07-18,0,False
CLM-00315,3378,25000,auto,True,2025-05-08,2027-08-13,2027-08-15,1,True
CLM-00316,1094,50000,medical,False,2024-08-12,2026-06-23,2026-06-30,2,False
CLM-00317,3200,25000,auto,True,2022-01-13,2022-01-23,2022-01-25,0,True
CLM-00318,855,15000,theft,True,2022-01-29,2023-08-14,2023-08-18,0,False
CLM-00319,12172,300000,home,True,2021-05-04,2022-10-27,2022-10-28,0,False
CLM-00320,640,50000,medical,True,2023-02-08,2024-10-06,2024-11-15,0,False
CLM-00321,4033,25000,auto,True,2021-05-16,2022-05-24,2022-05-29,0,False
CLM-00322,1139,25000,auto,True,2023-01-08,2024-10-09,2024-10-13,0,True
CLM-00323,13153,300000,home,True,2024-08-03,2025-11-18,2025-11-24,1,True
CLM-00324,3101,25000,auto,True,2022-05-14,2022-08-15,2022-08-21,0,True
CLM-00325,3530,300000,home,True,2022-05-16,2023-06-13,2023-06-20,0,False
CLM-00326,8707,300000,home,True,2023-11-20,2025-07-12,2025-07-17,0,False
CLM-00327,3227,25000,auto,True,2024-01-23,2026-01-30,2026-02-05,0,False
CLM-00328,6752,300000,home,True,2024-12-31,2026-01-05,2026-01-12,0,False
CLM-00329,4185,15000,theft,True,2024-11-23,2025-09-29,2025-10-01,1,True
CLM-00330,525,50000,medical,True,2025-03-23,2025-06-03,2025-12-10,0,False
CLM-00331,3680,50000,medical,True,2023-06-10,2024-06-21,2024-06-22,1,False
CLM-00332,1506,300000,home,True,2024-03-19,2025-01-29,2025-02-03,0,False
CLM-00333,13534,25000,auto,True,2021-11-24,2023-10-19,2023-10-23,0,False
CLM-00334,1980,25000,auto,True,2023-08-19,2025-02-25,2025-03-01,0,False
CLM-00335,2462,25000,auto,True,2024-04-02,2026-03-04,2026-03-05,3,True
CLM-00336,1447,50000,medical,True,2023-01-11,2025-03-30,2025-04-01,0,False
CLM-00337,1334,300000,home,True,2021-02-26,2022-12-29,2022-12-29,0,True
CLM-00338,2224,300000,home,True,2021-05-29,2023-04-23,2023-04-25,0,False
CLM-00339,7318,300000,home,True,2025-01-27,2027-01-22,2027-01-23,0,False
CLM-00340,10292,300000,home,True,2025-02-18,2026-01-16,2026-01-22,0,False
CLM-00341,805,25000,auto,True,2024-05-29,2025-08-31,2025-09-02,0,True
CLM-00342,1466,50000,medical,True,2022-06-30,2023-12-29,2024-01-03,0,False
CLM-00343,782,50000,medical,True,2023-06-16,2025-03-12,2025-03-13,2,False
CLM-00344,4470,300000,home,True,2023-02-16,2023-03-19,2023-03-19,0,False
CLM-00345,2411,25000,auto,True,2022-09-17,2024-12-27,2025-01-03,1,False
CLM-00346,3171,25000,auto,True,2022-04-29,2023-04-29,2023-05-04,1,True
CLM-00347,801,25000,auto,True,2023-01-27,2024-07-26,2024-08-02,0,False
CLM-00348,3523,25000,auto,True,2024-07-20,2026-08-28,2027-02-13,1,False
CLM-00349,1687,50000,medical,True,2023-08-29,2024-01-15,2024-01-15,1,False
CLM-00350,6711,300000,home,True,2021-06-23,2022-02-19,2022-02-24,0,False
CLM-00351,11251,300000,home,True,2021-05-01,2022-11-17,2023-02-02,0,False
CLM-00352,3769,25000,auto,True,2022-02-23,2023-05-26,2023-06-28,0,True
CLM-00353,5762,300000,home,True,2022-06-05,2022-10-27,2022-10-30,1,False
CLM-00354,1641,25000,auto,True,2022-04-26,2023-05-21,2023-06-05,2,True
CLM-00355,4146,300000,home,True,2022-08-04,2023-09-09,2023-09-14,1,False
CLM-00356,3490,50000,medical,True,2021-01-25,2023-01-06,2023-01-12,0,True
CLM-00357,1619,25000,auto,True,2023-03-14,2024-03-20,2024-03-22,0,False
CLM-00358,3762,15000,theft,True,2022-11-07,2023-01-05,2023-01-26,0,True
CLM-00359,1862,300000,home,False,2023-06-09,2024-03-24,2024-03-30,1,False
CLM-00360,588,50000,medical,True,garbled,2024-12-06,2024-12-13,0,True
CLM-00361,3258,25000,auto,True,2024-04-07,2026-09-03,2026-09-08,3,
CLM-00362,10715,300000,home,True,2024-04-10,2025-08-22,2025-08-29,0,False
CLM-00363,628,25000,auto,True,2024-12-01,2025-01-15,2025-01-16,0,True
CLM-00364,8364,25000,auto,True,2021-07-21,2023-04-02,2023-04-05,0,False
CLM-00365,1317,50000,medical,True,2023-01-23,2024-05-22,2024-05-25,1,False
CLM-00366,3132,25000,auto,True,2023-09-20,2025-10-27,2025-11-03,2,False
CLM-00367,931,50000,medical,True,2021-06-24,2023-07-25,2023-07-28,4,False
CLM-00368,11161,300000,home,True,2022-11-23,2024-06-22,2024-06-28,0,True
CLM-00369,2667,15000,theft,True,2023-12-06,2026-02-20,2026-02-26,0,False
CLM-00370,5886,300000,home,True,2022-08-30,2024-05-25,2024-07-03,0,False
CLM-00371,2186,50000,medical,True,2021-07-11,2022-08-07,2022-08-07,0,False
CLM-00372,2378,50000,medical,True,2025-03-30,2025-03-29,2025-04-04,0,False
CLM-00373,1858,15000,theft,True,2021-07-30,2022-10-17,2022-10-22,0,True
CLM-00374,1294,25000,auto,True,2022-08-07,2023-04-15,2023-04-18,0,True
CLM-00375,544,50000,medical,True,2022-10-26,2023-03-04,2023-03-05,3,False
CLM-00376,22149,25000,auto,True,2022-10-11,2024-02-25,2024-03-09,3,False
CLM-00377,4908,25000,auto,True,2025-01-21,2025-10-16,2025-10-19,3,True
CLM-00378,1547,50000,medical,True,2021-05-15,2022-11-29,2022-11-29,0,True
CLM-00379,768,50000,medical,True,2021-01-07,2021-08-24,2021-08-28,0,False
CLM-00380,1731,15000,theft,True,2023-03-25,2023-07-02,2023-07-04,0,False
CLM-00381,913,50000,medical,True,2023-06-28,2025-07-24,2025-12-13,1,False
CLM-00382,1092,50000,medical,True,2022-08-11,2023-06-01,2023-07-10,0,False
CLM-00383,2201,300000,home,True,2021-02-26,2022-03-03,2022-03-05,2,False
CLM-00384,1494,25000,auto,True,2022-12-18,2023-10-05,2023-10-05,0,False
CLM-00385,3342,300000,home,True,2022-12-11,2025-03-12,2025-03-14,0,False
CLM-00386,1754,25000,auto,True,2025-03-10,2025-02-21,2025-02-23,0,False
CLM-00387,1334,25000,auto,True,2025-04-15,2027-03-24,2027-03-25,0,False
CLM-00388,622,50000,medical,True,2024-03-06,2026-03-02,2026-03-03,0,False
CLM-00389,2060,50000,medical,True,2022-04-25,2022-05-05,2022-05-10,0,False
CLM-00390,3181,300000,home,True,2024-09-09,2026-06-13,2026-06-13,3,False
CLM-00391,4082,25000,auto,True,2023-09-20,2024-02-06,2024-02-06,0,False
CLM-00392,2371,25000,auto,True,2025-03-01,2027-06-03,2027-06-10,0,False
CLM-00393,4191,25000,auto,True,2024-03-08,2024-05-06,2024-05-11,2,True
CLM-00394,37816,300000,home,True,2021-09-19,2023-01-06,2023-01-08,1,False
CLM-00395,3111,25000,auto,True,2024-11-01,2027-03-03,2027-03-09,0,False
CLM-00396,1866,25000,auto,True,2024-12-27,2025-03-22,2025-03-25,1,True
CLM-00397,9635,25000,auto,True,2022-04-25,2024-06-11,2024-06-12,1,False
CLM-00398,7156,25000,auto,True,2024-07-25,2025-12-28,2025-12-28,0,True
CLM-00399,4673,300000,home,True,2024-09-15,2025-06-16,2025-07-06,1,False
CLM-00400,4517,15000,theft,True,2024-09-29,2025-12-17,2025-12-19,0,False
CLM-00401,6133,300000,home,False,2024-07-17,2026-10-29,2026-10-30,0,False
CLM-00402,383,50000,medical,True,2023-06-18,2025-02-13,2025-04-30,0,False
CLM-00403,545,25000,auto,True,2021-02-03,2021-11-07,2021-11-14,0,False
CLM-00404,11632,25000,auto,True,2025-01-28,2025-06-05,2025-06-12,0,True
CLM-00405,10474,25000,auto,True,2021-06-20,2021-07-22,2021-11-07,0,False
CLM-00406,434,25000,auto,True,2023-05-16,2024-04-07,2024-04-09,0,False
CLM-00407,6864,25000,auto,True,2021-07-15,2022-06-22,2022-06-26,0,False
CLM-00408,1068,25000,auto,True,2023-10-11,2024-05-29,2024-07-26,1,False
CLM-00409,553,50000,medical,True,2024-03-31,2026-08-27,2026-09-02,0,False
CLM-00410,6314,25000,auto,True,2023-07-09,2023-11-05,2023-11-11,0,False
CLM-00411,2542,25000,auto,True,2021-07-10,2022-06-29,2022-06-30,0,False
CLM-00412,3217,15000,theft,True,2023-11-27,2025-11-27,2025-11-30,2,True
CLM-00413,3689,25000,auto,True,2025-02-27,2026-03-30,2026-04-01,0,True
CLM-00414,1362,25000,auto,True,2025-03-15,2027-01-27,2027-02-07,0,False
CLM-00415,742,50000,medical,True,2025-02-21,2025-03-14,2025-03-17,0,False
CLM-00416,3413,25000,auto,False,2023-07-20,2025-03-15,2025-04-29,1,True
CLM-00417,689,300000,home,True,2022-10-11,2023-09-02,2023-09-28,2,False
CLM-00418,4971,25000,auto,True,2023-01-13,2023-06-09,2023-06-15,0,False
CLM-00419,10126,300000,home,True,2021-05-04,2023-08-05,2023-08-12,1,False
CLM-00420,2993,300000,home,True,2023-07-01,2024-06-03,2024-06-09,0,False
CLM-00421,6843,50000,medical,True,2023-01-16,2023-07-11,2023-07-11,0,False
CLM-00422,1349,25000,auto,True,2022-02-28,2023-05-31,2023-06-01,0,False
CLM-00423,1610,50000,medical,True,2022-07-23,2022-07-19,2022-07-24,3,False
CLM-00424,18104,15000,theft,True,2023-10-12,2024-05-04,2024-06-09,0,True
CLM-00425,256,25000,auto,True,2024-08-14,2026-10-21,2026-10-27,1,True
CLM-00426,5576,25000,auto,True,2022-01-22,2023-09-07,2023-09-13,1,False
CLM-00427,7088,15000,theft,True,2023-02-23,2023-11-26,2024-04-04,0,False
CLM-00428,8981,300000,home,True,2021-01-11,2022-04-20,2022-04-25,0,False
CLM-00429,1859,25000,auto,True,2025-03-22,2026-06-30,2026-07-06,0,False
CLM-00430,4172,300000,home,True,garbled,2026-06-06,2026-06-06,0,False
CLM-00431,8458,25000,auto,True,2021-05-28,2021-09-19,2021-10-03,1,False
CLM-00432,16226,300000,home,True,2023-10-21,2024-11-28,2024-11-29,1,False
CLM-00433,793,50000,medical,True,2021-02-16,2021-08-24,2021-08-28,2,False
CLM-00434,14579,300000,home,True,2023-03-18,2023-02-28,2023-03-05,1,False
CLM-00435,2992,300000,home,True,2023-11-07,2024-02-11,2024-02-16,0,False
CLM-00436,6198,25000,auto,True,2021-01-12,2021-02-03,2021-02-03,3,True
CLM-00437,1464,15000,theft,True,2024-08-23,2025-05-09,2025-05-11,2,True
CLM-00438,3381,25000,auto,True,2024-06-15,2026-02-12,2026-02-18,0,True
CLM-00439,9588,25000,auto,True,2023-10-22,2024-05-02,2024-05-05,0,False
CLM-00440,4836,25000,auto,True,2023-07-09,2023-10-24,2023-10-30,0,False
CLM-00441,6666,25000,auto,True,2021-04-30,2022-01-08,2022-01-08,0,False
CLM-00442,6415,25000,auto,True,2023-07-19,2025-01-27,2025-01-31,1,False
CLM-00443,8994,25000,auto,True,2022-05-05,2022-09-24,2022-09-25,0,False
CLM-00444,6307,300000,home,True,2024-01-23,2025-03-03,2025-03-10,2,True
CLM-00445,1339,25000,auto,True,2023-03-21,2023-08-08,2023-08-14,0,False
CLM-00446,1199,50000,medical,True,2024-11-19,2026-12-29,2027-01-03,0,False
CLM-00447,8057,300000,home,True,2024-01-05,2024-08-22,2024-08-23,0,False
CLM-00448,1377,50000,medical,True,2023-05-17,2025-01-18,2025-03-07,1,True
CLM-00449,7490,25000,auto,True,2024-12-13,2027-04-15,2027-04-20,0,False
CLM-00450,2573,25000,auto,True,2021-03-31,2022-01-04,2022-01-07,0,False
CLM-00451,1771,15000,theft,True,2024-05-24,2026-06-08,2026-06-11,1,True
CLM-00452,7497,300000,home,True,2023-08-05,2024-02-06,2024-02-06,0,False
CLM-00453,1847,15000,theft,True,2021-04-02,2022-11-02,2022-11-05,0,True
CLM-00454,1017,25000,auto,True,2024-11-22,2025-11-14,2025-11-15,1,False
CLM-00455,3608,300000,home,True,2024-01-15,2024-06-22,2024-06-24,0,False
CLM-00456,6037,25000,auto,True,2024-06-28,2025-03-22,2025-03-23,0,True
CLM-00457,614,25000,auto,True,2021-09-23,2022-01-28,2022-02-04,0,False
CLM-00458,16651,300000,home,True,2024-04-05,2026-08-19,2026-08-24,0,False
CLM-00459,9274,300000,home,True,2023-09-24,2024-02-08,2024-05-10,2,False
CLM-00460,10262,300000,home,True,2023-09-30,2025-04-07,2025-09-15,0,False
CLM-00461,18749,300000,home,True,2025-01-31,2027-05-28,2027-05-31,0,False
CLM-00462,1079,25000,auto,True,2024-12-31,2026-05-24,2026-06-11,1,True
CLM-00463,10857,25000,auto,True,2023-12-19,2023-12-11,2023-12-16,0,True
CLM-00464,3949,25000,auto,True,2024-04-26,2024-09-15,2024-09-17,0,False
CLM-00465,1008,25000,auto,False,2024-01-31,2024-08-26,2024-08-29,1,False
CLM-00466,3227,25000,auto,True,2022-01-22,2023-04-04,2023-04-11,0,False
CLM-00467,2710,25000,auto,True,2023-09-18,2024-07-09,2024-07-14,0,False
CLM-00468,1042,25000,auto,True,2024-11-07,2027-01-28,2027-02-01,0,True
CLM-00469,1528,25000,auto,True,2023-06-27,2023-10-13,2023-10-20,0,True
CLM-00470,6025,25000,auto,True,2024-10-14,2025-07-24,2025-07-27,0,True
CLM-00471,34133,300000,home,True,2021-11-30,2022-09-01,2023-02-26,0,True
CLM-00472,7103,25000,auto,True,2023-09-10,2024-02-26,2024-02-27,2,
CLM-00473,1511,50000,medical,True,2024-09-16,2025-09-19,2025-09-21,0,False
CLM-00474,2213,50000,medical,True,2023-08-15,2023-08-27,2023-08-30,0,True
CLM-00475,3173,300000,home,True,2024-04-28,2026-09-10,2026-11-22,0,True
CLM-00476,6055,300000,home,True,2021-11-16,2022-05-05,2022-05-11,0,False
CLM-00477,21243,300000,home,True,2022-12-06,2023-06-17,2023-06-17,1,False
CLM-00478,6468,300000,home,True,2023-06-29,2023-07-05,2023-07-12,0,False
CLM-00479,1572,15000,theft,True,2022-08-25,2024-12-13,2025-02-09,0,True
CLM-00480,3319,15000,theft,True,2022-05-02,2023-05-02,2023-05-03,0,True
CLM-00481,2269,25000,auto,True,2022-01-29,2023-03-27,2023-04-03,0,False
CLM-00482,3492,25000,auto,True,2022-08-28,2024-10-26,2024-10-31,2,False
CLM-00483,1919,15000,theft,True,2022-01-18,2024-05-25,2024-05-31,1,True
CLM-00484,2719,25000,auto,True,garbled,2024-06-25,2024-10-20,0,False
CLM-00485,11213,300000,home,True,2022-02-25,2023-01-10,2023-01-14,0,False
CLM-00486,778,25000,auto,True,2021-09-19,2023-04-10,2023-04-16,0,True
CLM-00487,2610,50000,medical,True,2025-02-19,2025-09-02,2025-09-05,0,False
CLM-00488,30583,300000,home,True,2023-09-15,2023-11-17,2023-11-23,0,False
CLM-00489,9483,300000,home,True,2024-09-20,2025-10-04,2025-10-06,2,False
CLM-00490,241,50000,medical,True,2021-11-30,2024-03-24,2024-03-29,0,True
CLM-00491,606,25000,auto,True,2024-02-28,2025-05-08,2025-05-10,0,True
CLM-00492,5216,25000,auto,False,2024-05-04,2025-10-06,2025-10-07,0,False
CLM-00493,700,50000,medical,True,2023-04-10,2024-08-19,2024-10-03,0,False
CLM-00494,7015,25000,auto,True,2021-06-02,2022-07-21,2022-07-21,1,True
CLM-00495,1412,15000,theft,True,2022-10-11,2024-03-13,2024-03-13,0,True
CLM-00496,9349,300000,home,True,2021-12-07,2021-11-25,2021-11-28,0,False
CLM-00497,11470,300000,home,True,2022-02-26,2022-07-12,2022-07-15,1,False
CLM-00498,748,50000,medical,False,2021-03-12,2021-12-23,2021-12-26,0,False
CLM-00499,2591,25000,auto,True,2022-06-18,2024-05-08,2024-05-10,2,True
CLM-00500,2494,50000,medical,True,2024-07-20,2025-12-29,2025-12-29,3,False
CLM-00501,3111,25000,auto,True,2021-12-07,2022-03-15,2022-03-17,1,False
CLM-00502,4426,300000,home,True,2022-02-05,2022-08-27,2022-10-20,0,False
CLM-00503,6203,300000,home,True,2023-01-22,2025-01-27,2025-01-29,0,False
CLM-00504,2132,25000,auto,True,2021-07-02,2022-06-11,2022-06-15,0,False
CLM-00505,2040,25000,auto,True,2025-01-03,2026-01-29,2026-02-11,0,True
CLM-00506,4504,25000,auto,True,2022-03-13,2024-05-15,2024-05-18,1,True
CLM-00507,12244,300000,home,True,2023-02-25,2023-03-08,2023-03-14,0,False
CLM-00508,2778,25000,auto,True,2023-05-02,2023-05-04,2023-05-05,0,True
CLM-00509,829,50000,medical,True,2021-10-21,2023-02-10,2023-02-15,0,False
CLM-00510,10924,300000,home,True,2022-05-05,2023-12-23,2023-12-27,0,False
CLM-00511,13603,25000,auto,True,2025-02-22,2026-12-27,2026-12-31,0,False
CLM-00512,374,50000,medical,True,2024-12-31,2026-01-28,2026-01-31,4,False
CLM-00513,2137,50000,medical,True,2023-07-07,2023-08-12,2023-09-27,0,False
CLM-00514,7127,300000,home,True,2022-03-11,2024-07-07,2024-07-14,0,False
CLM-00515,1092,25000,auto,True,2023-08-30,2025-04-24,2025-04-25,1,True
CLM-00516,6919,25000,auto,True,2025-01-06,2026-03-29,2026-04-05,1,False
CLM-00517,22579,300000,home,True,2024-01-27,2025-04-01,2025-04-03,0,False
CLM-00518,2625,25000,auto,True,2022-08-06,2024-07-12,2024-07-17,0,True
CLM-00519,8890,15000,theft,True,2023-04-06,2025-07-04,2025-07-05,0,True
CLM-00520,1994,25000,auto,True,2024-03-18,2025-11-16,2025-11-20,2,False
CLM-00521,5891,300000,home,True,2023-04-11,2025-02-18,2025-04-22,0,False
CLM-00522,12354,300000,home,False,2022-02-01,2024-04-28,2024-04-30,0,False
CLM-00523,16951,25000,auto,True,2023-08-07,2023-11-01,2023-11-06,0,
CLM-00524,5118,50000,medical,True,2022-12-05,2023-08-31,2023-08-31,0,False
CLM-00525,1178,15000,theft,True,2021-03-13,2021-09-04,2021-09-07,0,True
CLM-00526,2123,25000,auto,True,2024-10-05,2024-10-27,2024-10-27,2,False
CLM-00527,5320,300000,home,True,2023-01-02,2023-12-19,2024-02-06,0,False
CLM-00528,969,300000,home,True,2022-10-24,2024-07-10,2024-07-10,1,False
CLM-00529,586,50000,medical,True,2024-04-25,2024-07-19,2024-08-09,0,False
CLM-00530,1427,25000,auto,True,2021-03-10,2023-07-31,2023-08-08,0,True
CLM-00531,29014,300000,home,True,2023-11-06,2024-03-01,2024-03-06,0,False
CLM-00532,1628,50000,medical,True,2022-04-14,2022-09-04,2022-09-07,0,False
CLM-00533,2577,25000,auto,True,2024-11-13,2026-08-12,2026-08-16,0,False
CLM-00534,8370,300000,home,True,2024-10-15,2026-03-01,2026-03-02,0,False
CLM-00535,10826,50000,medical,True,2022-10-08,2023-11-10,2023-11-13,0,False
CLM-00536,3216,25000,auto,True,2024-12-11,2027-04-30,2027-05-02,1,False
CLM-00537,2293,25000,auto,True,2021-06-25,2023-01-07,2023-01-13,0,False
CLM-00538,2345,25000,auto,True,2021-02-04,2022-05-29,2022-05-29,0,True
CLM-00539,6290,300000,home,True,2021-05-19,2023-03-26,2023-03-30,2,False
CLM-00540,4249,300000,home,True,2024-08-11,2026-04-04,2026-04-07,1,True
CLM-00541,29066,300000,home,True,2022-03-01,2022-08-19,2022-08-23,0,True
CLM-00542,8518,25000,auto,True,2023-10-09,2023-10-15,2023-10-17,0,False
CLM-00543,1729,25000,auto,True,2024-02-27,2026-06-11,2026-09-26,0,False
CLM-00544,2601,50000,medical,True,2023-08-23,2025-04-21,2025-09-04,2,False
CLM-00545,3101,15000,theft,True,2023-11-14,2024-11-05,2024-11-11,0,True
CLM-00546,951,25000,auto,True,2022-01-30,2022-11-03,2022-11-19,0,False
CLM-00547,2224,50000,medical,True,2021-04-12,2021-08-22,2021-08-25,0,False
CLM-00548,13926,300000,home,True,2022-11-22,2025-02-28,2025-03-07,0,False
CLM-00549,5485,300000,home,True,2023-11-30,2024-07-16,2024-07-24,0,False
CLM-00550,1611,25000,auto,True,2025-04-17,2025-07-10,2025-07-13,0,False
CLM-00551,1792,15000,theft,True,2024-11-18,2025-06-20,2025-06-22,1,True
CLM-00552,1487,25000,auto,True,2022-11-20,2024-04-30,2024-05-28,0,True
CLM-00553,2979,15000,theft,True,2021-12-28,2023-12-10,2024-05-20,2,False
CLM-00554,3711,25000,auto,True,2022-01-11,2023-10-12,2024-01-25,0,True
CLM-00555,1625,50000,medical,True,2022-07-07,2024-12-10,2024-12-12,0,
CLM-00556,15366,300000,home,True,2021-07-04,2023-12-20,2023-12-25,0,False
CLM-00557,7619,300000,home,True,2025-03-27,2025-08-06,2025-08-07,0,False
CLM-00558,908,25000,auto,True,2021-09-30,2022-06-13,2022-06-17,2,False
CLM-00559,23030,300000,home,True,2021-06-26,2021-07-29,2021-07-30,0,False
CLM-00560,2037,25000,auto,True,2023-04-20,2024-11-16,2024-11-21,0,False
CLM-00561,766,50000,medical,True,2023-09-27,2024-10-24,2024-10-31,0,True
CLM-00562,7004,300000,home,True,2024-01-04,2026-05-12,2026-08-18,0,False
CLM-00563,2957,50000,medical,True,2024-02-26,2026-04-30,2026-04-30,1,False
CLM-00564,834,50000,medical,True,2021-05-27,2022-09-03,2022-09-07,0,False
CLM-00565,2745,25000,auto,True,2021-09-26,2022-09-29,2022-10-03,0,
CLM-00566,2731,50000,medical,True,2024-03-19,2025-09-08,2025-09-10,0,False
CLM-00567,9455,25000,auto,True,2023-12-30,2025-10-24,2025-11-18,0,False
CLM-00568,1495,50000,medical,True,2024-03-15,2025-06-26,2025-07-02,0,False
CLM-00569,4456,15000,theft,True,2024-11-22,2026-12-18,2026-12-24,0,True
CLM-00570,10521,25000,auto,True,2025-03-07,2026-03-02,2026-03-08,0,True
CLM-00571,1496,25000,auto,True,2022-06-30,2023-09-06,2023-09-12,2,True
CLM-00572,9709,300000,home,True,2021-09-08,2021-09-15,2021-09-21,0,False
CLM-00573,23706,300000,home,True,2022-01-11,2023-09-21,2023-09-23,0,False
CLM-00574,13449,300000,home,True,2024-12-04,2027-04-22,2027-05-19,0,False
CLM-00575,4353,300000,home,True,2025-01-04,2026-06-20,2026-06-23,0,True
CLM-00576,2844,25000,auto,True,2024-04-20,2025-08-21,2025-08-23,4,True
CLM-00577,7690,300000,home,True,2023-02-17,2024-05-01,2024-05-07,0,False
CLM-00578,1268,300000,home,True,2021-05-18,2022-09-15,2022-09-18,0,False
CLM-00579,830,25000,auto,True,2023-12-30,2025-03-02,2025-04-28,0,True
CLM-00580,5621,15000,theft,True,2025-02-03,2027-01-29,2027-02-02,0,True
CLM-00581,24933,300000,home,True,2021-06-19,2021-06-24,2021-06-28,2,False
CLM-00582,1222,25000,auto,True,2022-05-26,2024-10-27,2024-10-30,4,False
CLM-00583,10412,300000,home,True,2022-08-16,2024-11-27,2024-12-07,0,False
CLM-00584,380,50000,medical,True,2021-10-30,2022-08-10,2022-12-16,0,False
CLM-00585,3360,25000,auto,True,2022-10-21,2023-07-22,2023-07-26,0,False
CLM-00586,3166,25000,auto,True,2024-06-20,2026-02-22,2026-02-22,0,False
CLM-00587,6717,25000,auto,True,2024-10-09,2027-01-21,2027-06-02,0,
CLM-00588,3665,300000,home,True,2023-09-12,2024-08-13,2024-08-15,1,False
CLM-00589,5195,25000,auto,True,2021-04-12,2023-09-03,2023-09-03,1,
CLM-00590,5747,15000,theft,True,2024-06-09,2024-12-03,2024-12-03,0,True
CLM-00591,384,25000,auto,True,2023-05-05,2025-01-01,2025-01-06,0,True
CLM-00592,1571,25000,auto,True,2023-04-16,2023-10-31,2023-11-05,0,False
CLM-00593,1063,300000,home,True,2024-09-30,2027-01-27,2027-01-28,0,False
CLM-00594,2061,25000,auto,True,2021-11-07,2023-02-01,2023-02-03,1,False
CLM-00595,2325,15000,theft,True,2023-05-27,2024-01-21,2024-03-17,2,True
CLM-00596,3506,25000,auto,True,2023-01-14,2023-04-21,2023-04-24,1,False
CLM-00597,2683,50000,medical,True,2022-01-01,2022-04-12,2022-05-23,0,False
CLM-00598,715,50000,medical,True,2023-04-04,2024-07-17,2024-07-18,0,False
CLM-00599,9936,25000,auto,True,2023-07-08,2025-07-24,2025-11-04,0,False
CLM-00600,1976,25000,auto,True,2022-04-23,2022-06-10,2022-11-15,0,False
CLM-00601,5956,300000,home,True,2021-06-01,2021-08-12,2021-08-20,0,False
CLM-00602,7595,300000,home,True,2022-06-03,2022-12-25,2022-12-28,0,False
CLM-00603,13669,300000,home,True,2023-07-18,2024-11-16,2025-01-16,1,False
CLM-00604,1150,50000,medical,True,2024-07-23,2025-03-06,2025-03-11,0,False
CLM-00605,17371,300000,home,True,2022-06-03,2023-05-26,2023-05-26,0,False
CLM-00606,6133,50000,medical,True,2022-12-15,2024-06-01,2024-06-05,1,False
CLM-00607,1828,50000,medical,True,2021-07-24,2022-07-09,2022-09-05,0,False
CLM-00608,913,25000,auto,True,2024-03-09,2025-12-29,2026-01-05,0,False
CLM-00609,10370,300000,home,False,2025-04-25,2026-07-20,2026-11-21,0,False
CLM-00610,14707,300000,home,False,2021-06-17,2022-12-07,2022-12-13,0,False
CLM-00611,269,50000,medical,True,2024-07-03,2024-09-29,2024-10-05,0,False
CLM-00612,14281,25000,auto,True,2022-02-22,2022-05-28,2022-06-02,0,False
CLM-00613,2038,50000,medical,True,2023-11-14,2025-07-26,2025-07-31,0,False
CLM-00614,6736,300000,home,True,2021-02-21,2022-02-04,2022-03-03,0,True
CLM-00615,618,50000,medical,True,2022-04-28,2022-08-06,2022-08-13,0,False
CLM-00616,469,50000,medical,True,2022-09-16,2023-02-27,2023-02-28,0,False
CLM-00617,2182,25000,auto,True,2022-10-05,2023-10-30,2023-10-31,0,True
CLM-00618,958,25000,auto,True,2024-07-27,2024-12-02,2024-12-04,0,True
CLM-00619,2130,300000,home,True,2022-03-17,2023-03-10,2023-03-12,0,False
CLM-00620,3127,50000,medical,True,2024-08-30,2024-12-30,2024-12-30,1,False
CLM-00621,1718,25000,auto,False,2023-03-08,2025-02-21,2025-04-13,0,True
CLM-00622,1827,25000,auto,True,2024-12-28,2025-08-09,2025-08-11,1,True
CLM-00623,7100,25000,auto,True,2024-10-22,2025-01-06,2025-02-19,0,
CLM-00624,1154,50000,medical,True,2021-10-18,2023-08-31,2023-09-30,0,False
CLM-00625,522,25000,auto,True,2025-04-26,2025-05-14,2025-08-27,0,True
CLM-00626,4241,25000,auto,True,2023-07-01,2024-03-07,2024-05-05,3,False
CLM-00627,8733,300000,home,True,2025-02-03,2026-03-15,2026-03-19,0,False
CLM-00628,1347,50000,medical,True,2023-05-11,2024-04-08,2024-04-30,0,False
CLM-00629,6157,25000,auto,True,2023-06-06,2025-04-27,2025-05-04,0,True
CLM-00630,1300,25000,auto,True,2025-01-19,2025-05-03,2025-05-08,1,True
CLM-00631,591,25000,auto,True,2024-05-31,2025-04-08,2025-05-20,0,False
CLM-00632,12963,300000,home,True,2025-03-30,2026-09-27,2026-09-30,0,False
CLM-00633,1877,50000,medical,True,2022-09-30,2022-09-27,2022-09-27,2,
CLM-00634,394,50000,medical,True,2022-12-30,2024-11-27,2025-01-03,0,False
CLM-00635,1605,25000,auto,True,2022-04-10,2022-12-18,2022-12-24,0,True
CLM-00636,1239,25000,auto,True,2021-11-20,2022-10-19,2022-10-19,2,True
CLM-00637,5219,25000,auto,True,2023-12-07,2024-08-04,2024-08-07,0,False
CLM-00638,2318,25000,auto,True,2022-04-16,2023-10-09,2024-02-06,1,True
CLM-00639,2712,50000,medical,True,2022-10-26,2025-04-07,2025-04-09,0,False
CLM-00640,2571,25000,auto,True,2021-10-14,2021-10-14,2021-10-18,1,False
CLM-00641,8527,25000,auto,True,2023-01-28,2023-04-29,2023-05-04,1,True
CLM-00642,28194,300000,home,True,2025-04-11,2027-09-12,2027-09-16,0,False
CLM-00643,2988,15000,theft,True,2022-08-03,2022-10-03,2023-04-12,1,True
CLM-00644,10531,25000,auto,True,2022-05-09,2023-03-25,2023-03-30,0,True
CLM-00645,692,25000,auto,True,2021-02-12,2021-03-04,2021-04-05,0,False
CLM-00646,859,50000,medical,True,2022-02-13,2024-07-20,2024-07-20,0,True
CLM-00647,7860,25000,auto,True,2021-03-07,2022-05-09,2022-05-11,2,False
CLM-00648,1095,25000,auto,True,2025-01-01,2026-08-02,2026-08-03,0,True
CLM-00649,45852,300000,home,True,2025-05-10,2025-09-16,2025-09-23,0,True
CLM-00650,2264,15000,theft,True,2023-02-25,2024-08-27,2024-08-29,3,True
CLM-00651,6112,300000,home,True,2024-08-20,2026-09-16,2026-10-13,1,False
CLM-00652,1743,15000,theft,True,2021-12-10,2023-08-24,2023-08-24,0,True
CLM-00653,2011,25000,auto,True,2024-12-03,2025-03-27,2025-07-25,0,False
CLM-00654,5241,15000,theft,True,2021-05-04,2022-11-15,2022-11-22,0,False
CLM-00655,2546,300000,home,True,2025-01-09,2026-09-04,2026-09-12,1,False
CLM-00656,6078,25000,auto,True,2022-07-13,2023-09-03,2023-09-09,1,False
CLM-00657,2929,25000,auto,True,2023-01-14,2024-06-20,2024-06-25,1,True
CLM-00658,7861,25000,auto,True,2023-03-04,2024-01-02,2024-01-07,1,False
CLM-00659,2909,25000,auto,True,2021-12-31,2023-08-28,2023-10-15,1,True
CLM-00660,835,50000,medical,True,2023-11-11,2025-11-26,2025-11-28,0,False
CLM-00661,983,25000,auto,True,2024-05-27,2024-07-18,2024-07-25,0,False
CLM-00662,6636,300000,home,True,2022-02-21,2023-02-22,2023-02-28,0,False
CLM-00663,1622,25000,auto,True,2023-03-03,2023-10-15,2023-10-17,0,True
CLM-00664,2558,300000,home,True,2022-07-17,2023-08-16,2023-08-18,1,False
CLM-00665,5972,15000,theft,True,2022-09-06,2023-10-13,2023-10-20,1,True
CLM-00666,7528,25000,auto,True,2024-12-18,2026-10-20,2026-10-27,0,True
CLM-00667,748,50000,medical,True,2022-03-03,2022-08-24,2022-08-27,0,False
CLM-00668,1356,25000,auto,True,2021-12-09,2021-12-27,2021-12-31,0,True
CLM-00669,6960,25000,auto,True,2021-05-16,2022-06-15,2022-06-15,0,False
CLM-00670,16074,25000,auto,True,2024-05-12,2026-07-26,2026-07-26,0,False
CLM-00671,1596,25000,auto,True,2023-09-26,2025-05-25,2025-05-27,0,False
CLM-00672,3174,300000,home,True,2025-02-20,2026-12-29,2027-01-04,0,False
CLM-00673,9372,300000,home,True,2023-07-22,2025-07-07,2025-07-10,0,False
CLM-00674,4792,25000,auto,True,2024-06-29,2025-06-12,2025-06-16,0,False
CLM-00675,9814,300000,home,True,2021-04-22,2023-07-02,2023-07-03,0,False
CLM-00676,15555,300000,home,True,2024-05-04,2024-10-24,2024-11-10,2,False
CLM-00677,4210,300000,home,True,2023-06-27,2023-11-29,2023-12-04,3,False
CLM-00678,11680,300000,home,True,2025-02-26,2025-10-30,2025-11-06,1,False
CLM-00679,1475,25000,auto,True,2022-02-25,2022-12-09,2022-12-12,0,False
CLM-00680,3880,300000,home,True,2022-09-19,2023-04-11,2023-06-10,0,False
CLM-00681,2081,25000,auto,True,2021-05-01,2023-07-14,2023-07-16,1,False
CLM-00682,4793,300000,home,True,2021-04-30,2022-09-13,2022-09-19,0,False
CLM-00683,1876,15000,theft,True,2024-06-18,2026-04-03,2026-04-07,0,True
CLM-00684,1917,50000,medical,True,2022-06-13,2023-03-02,2023-03-09,0,False
CLM-00685,878,50000,medical,True,2024-09-30,2025-06-22,2025-06-29,0,False
CLM-00686,1557,25000,auto,True,2023-11-27,2024-10-04,2024-10-10,2,False
CLM-00687,501,50000,medical,True,2021-10-10,2022-11-01,2022-11-04,0,False
CLM-00688,1996,25000,auto,True,2021-11-26,2023-03-13,2023-03-15,0,False
CLM-00689,2285,25000,auto,True,2023-08-03,2025-09-02,2025-09-05,0,False
CLM-00690,5146,25000,auto,True,2022-10-05,2023-08-03,2023-08-09,0,False
CLM-00691,16621,300000,home,True,2022-08-29,2023-09-04,2023-09-07,0,False
CLM-00692,5178,300000,home,True,2025-05-17,2026-12-13,2026-12-15,1,True
CLM-00693,5679,50000,medical,True,2022-12-13,2023-10-22,2023-11-14,0,False
CLM-00694,2787,300000,home,True,2022-12-27,2025-02-27,2025-03-04,1,False
CLM-00695,1724,50000,medical,False,2025-05-16,2026-10-31,2026-11-01,0,False
CLM-00696,8170,300000,home,True,2023-01-24,2024-11-27,2024-12-01,2,False
CLM-00697,8449,300000,home,True,2025-02-05,2025-09-19,2025-09-21,2,False
CLM-00698,805,25000,auto,True,2024-07-07,2026-03-04,2026-03-05,0,False
CLM-00699,2646,25000,auto,True,2021-12-10,2024-02-02,2024-02-03,1,True
CLM-00700,4400,25000,auto,True,2021-03-15,2021-06-29,2021-07-24,2,False
CLM-00701,760,50000,medical,True,2024-05-15,2026-04-30,2026-05-05,0,False
CLM-00702,1966,25000,auto,True,2023-03-29,2025-04-28,2025-04-28,0,False
CLM-00703,1416,25000,auto,True,2023-09-17,2025-06-06,2025-06-08,0,True
CLM-00704,2192,25000,auto,True,2025-03-04,2025-07-04,2025-07-08,1,True
CLM-00705,2120,50000,medical,True,2021-07-03,2022-03-31,2022-04-02,0,False
CLM-00706,1097,25000,auto,True,2023-01-28,2024-09-16,2024-09-16,0,False
CLM-00707,11554,300000,home,True,2023-01-18,2025-06-27,2025-06-29,0,False
CLM-00708,1002,25000,auto,True,2024-04-02,2024-11-03,2025-04-11,0,False
CLM-00709,6356,300000,home,True,2023-12-26,2024-01-12,2024-01-12,0,False
CLM-00710,922,15000,theft,True,2022-12-18,2024-08-21,2024-08-24,0,True
CLM-00711,12180,25000,auto,True,2024-04-30,2026-05-23,2026-05-30,0,False
CLM-00712,2966,300000,home,True,2021-08-14,2022-04-30,2022-05-04,1,False
CLM-00713,2909,25000,auto,False,2021-07-10,2023-04-18,2023-04-22,0,True
CLM-00714,7818,25000,auto,True,2023-09-29,2025-04-23,2025-05-24,0,False
CLM-00715,3851,25000,auto,True,2024-07-26,2026-01-12,2026-03-13,0,True
CLM-00716,4201,300000,home,True,2025-01-24,2025-10-19,2025-10-23,0,False
CLM-00717,1375,25000,auto,True,2024-05-08,2024-11-23,2024-12-02,0,False
CLM-00718,5327,25000,auto,True,2021-09-09,2024-01-12,2024-01-15,2,True
CLM-00719,2523,25000,auto,True,2021-02-26,2021-10-06,2022-02-20,0,False
CLM-00720,23530,300000,home,True,2022-12-04,2025-05-05,2025-05-05,0,False
CLM-00721,2441,25000,auto,True,2024-04-25,2025-09-23,2025-09-28,0,False
CLM-00722,991,15000,theft,True,2021-07-22,2021-09-22,2021-09-29,0,True
CLM-00723,2202,15000,theft,True,2022-10-03,2023-04-02,2023-05-05,0,True
CLM-00724,1356,25000,auto,True,2023-06-20,2024-02-14,2024-02-18,1,False
CLM-00725,7971,300000,home,True,2021-06-16,2023-01-05,2023-01-10,0,False
CLM-00726,3391,300000,home,True,2023-02-03,2025-02-02,2025-02-09,1,False
CLM-00727,11894,300000,home,True,2024-02-03,2026-06-25,2026-06-26,1,False
CLM-00728,2157,25000,auto,True,2023-05-07,2025-01-29,2025-01-30,0,True
CLM-00729,1636,25000,auto,True,2025-04-24,2025-09-12,2025-09-21,0,
CLM-00730,633,25000,auto,True,2021-07-08,2023-05-15,2023-06-12,0,True
CLM-00731,652,50000,medical,True,2023-11-14,2024-09-04,2024-09-16,0,False
CLM-00732,6703,300000,home,True,2021-07-24,2022-05-01,2022-05-03,0,True
CLM-00733,8956,300000,home,True,2022-04-18,2024-10-03,2024-10-10,0,False
CLM-00734,1406,15000,theft,True,2023-06-24,2023-11-09,2024-03-22,0,True
CLM-00735,26337,300000,home,True,2021-03-02,2023-07-13,2023-07-13,0,False
CLM-00736,678,15000,theft,True,2021-04-04,2021-10-16,2021-10-18,1,False
CLM-00737,6383,300000,home,True,2022-12-02,2024-11-10,2024-11-16,1,False
CLM-00738,592,25000,auto,True,2022-07-26,2023-07-21,2023-07-30,0,True
CLM-00739,5492,25000,auto,True,2022-02-26,2023-09-06,2023-09-13,0,False
CLM-00740,2232,25000,auto,True,2022-01-19,2022-02-12,2022-02-12,0,True
CLM-00741,2180,50000,medical,True,2021-04-01,2021-11-26,2021-11-26,0,False
CLM-00742,811,25000,auto,True,2023-03-25,2025-02-22,2025-02-25,0,True
CLM-00743,2542,300000,home,True,2022-01-16,2023-01-30,2023-02-02,0,False
CLM-00744,467,25000,auto,True,2022-08-07,2023-06-04,2023-06-06,0,True
CLM-00745,16907,25000,auto,True,2023-12-13,2025-10-16,2025-10-18,0,True
CLM-00746,975,15000,theft,True,2021-04-09,2023-03-23,2023-04-28,0,True
CLM-00747,7617,25000,auto,True,2021-06-04,2022-10-14,2022-10-20,1,True
CLM-00748,8818,25000,auto,True,2023-05-03,2023-05-13,2023-05-18,0,True
CLM-00749,740,50000,medical,True,2023-10-28,2024-12-13,2025-01-18,1,False
CLM-00750,4221,300000,home,True,2024-07-22,2024-12-01,2024-12-14,0,False
CLM-00751,425,25000,auto,True,2024-10-11,2026-03-31,2026-04-02,1,False
CLM-00752,2157,15000,theft,True,2023-04-16,2025-07-23,2025-07-23,0,True
CLM-00753,3343,25000,auto,True,2021-04-04,2023-04-24,2023-04-24,0,True
CLM-00754,4877,300000,home,True,2024-05-29,2026-04-01,2026-04-04,0,False
CLM-00755,11318,300000,home,True,2021-04-27,2023-02-03,2023-02-07,0,False
CLM-00756,1316,25000,auto,True,2024-02-10,2025-09-21,2025-09-25,0,False
CLM-00757,1787,50000,medical,True,2021-08-25,2021-08-25,2021-08-27,0,False
CLM-00758,7550,300000,home,True,2024-11-23,2026-11-02,2026-11-08,0,False
CLM-00759,4734,25000,auto,True,2025-04-01,2027-09-05,2027-10-03,0,False
CLM-00760,3856,25000,auto,True,2022-11-02,2024-03-27,2024-03-29,0,False
CLM-00761,968,50000,medical,True,2024-05-13,2026-03-04,2026-03-10,0,True
CLM-00762,1359,15000,theft,True,2023-04-03,2025-02-13,2025-02-15,2,True
CLM-00763,1511,25000,auto,True,2021-12-24,2023-01-31,2023-02-02,0,False
CLM-00764,845,50000,medical,True,2024-01-30,2025-09-04,2025-09-06,0,False
CLM-00765,5873,25000,auto,True,2023-03-19,2024-09-17,2024-09-22,2,True
CLM-00766,2505,25000,auto,True,2022-02-01,2022-06-29,2022-08-20,2,True
CLM-00767,1526,25000,auto,True,2022-03-01,2023-11-30,2023-12-06,0,False
CLM-00768,1116,50000,medical,True,2022-01-02,2023-08-24,2023-08-30,3,True
CLM-00769,1611,300000,home,True,2023-10-02,2025-08-13,2025-08-24,1,False
CLM-00770,2463,15000,theft,True,2023-08-25,2025-09-11,2025-09-18,0,True
CLM-00771,1624,25000,auto,True,2022-04-22,2024-08-18,2024-08-19,0,True
CLM-00772,9957,300000,home,True,2022-12-29,2024-02-04,2024-02-09,2,False
CLM-00773,1343,15000,theft,True,2022-11-18,2024-02-13,2024-02-13,2,True
CLM-00774,2401,25000,auto,True,2023-12-01,2025-02-02,2025-02-05,0,False
CLM-00775,1007,25000,auto,True,2022-11-12,2024-09-19,2024-10-15,2,False
CLM-00776,5374,25000,auto,True,2025-05-03,2026-08-31,2026-09-04,0,False
CLM-00777,545,15000,theft,True,2025-04-25,2026-05-08,2026-05-09,0,True
CLM-00778,5421,25000,auto,True,2024-06-26,2024-07-14,2024-07-17,0,True
CLM-00779,5354,25000,auto,True,2024-06-16,2026-11-11,2026-11-11,0,False
CLM-00780,1060,25000,auto,True,2022-06-16,2022-10-20,2022-10-27,0,False
CLM-00781,759,50000,medical,True,2023-07-05,2024-03-17,2024-03-19,2,False
CLM-00782,347,50000,medical,True,2021-12-14,2022-12-05,2022-12-10,2,False
CLM-00783,25155,300000,home,True,2024-01-24,2026-01-09,2026-01-19,0,True
CLM-00784,19526,300000,home,True,2023-08-02,2024-07-13,2024-07-14,0,False
CLM-00785,5777,300000,home,True,2025-04-01,2025-12-04,2025-12-06,0,False
CLM-00786,1072,25000,auto,True,2025-04-13,2025-10-01,2025-10-01,1,True
CLM-00787,22534,300000,home,True,2023-04-20,2023-11-18,2023-11-25,3,False
CLM-00788,1968,25000,auto,True,2021-07-10,2021-07-13,2021-07-17,0,False
CLM-00789,1807,25000,auto,True,2025-03-22,2026-01-15,2026-01-17,0,True
CLM-00790,15593,300000,home,True,2023-09-07,2024-07-07,2024-07-10,0,False
CLM-00791,1318,25000,auto,True,2024-11-04,2026-11-25,2026-11-25,1,False
CLM-00792,2972,15000,theft,True,2025-03-17,2027-08-13,2027-08-19,0,True
CLM-00793,10955,300000,home,True,2024-07-13,2026-08-27,2027-01-29,0,False
CLM-00794,6575,300000,home,True,2023-07-11,2023-12-16,2023-12-21,0,False
CLM-00795,1132,25000,auto,False,2023-11-06,2024-04-19,2024-04-24,0,False
CLM-00796,2758,25000,auto,True,2022-11-08,2023-08-20,2023-08-21,0,True
CLM-00797,6910,15000,theft,True,2021-01-02,2022-12-04,2022-12-20,2,True
CLM-00798,11124,300000,home,True,2023-09-05,2024-05-12,2024-05-13,0,False
CLM-00799,2929,25000,auto,True,2021-03-04,2021-07-19,2021-08-18,0,False
CLM-00800,1073,25000,auto,True,2024-03-29,2026-04-30,2026-06-16,1,False
