applicant_id,region,credit_score,annual_income,monthly_debt,loan_amount,property_value,employment_months,bankruptcies_7y
APP-00001,North,606,116000,2044,178000,349000,75,0
APP-00002,South,720,76000,296,204000,280000,20,0
APP-00003,East,678,37500,819,264000,296000,154,0
APP-00004,South,630,59000,755,304000,389000,19,0
APP-00005,North,637,101500,783,147000,202000,265,0
APP-00006,North,726,82000,840,226000,277000,110,0
APP-00007,West,632,67500,2383,101000,223000,33,0
APP-00008,South,817,43000,1586,146000,251000,31,0
APP-00009,North,654,76000,1503,291000,361000,49,0
APP-00010,South,684,90500,522,435000,510000,124,0
APP-00011,North,703,83000,211,281000,318000,57,0
APP-00012,West,719,81000,1091,382000,491000,28,0
APP-00013,South,785,68500,916,434000,536000,35,0
APP-00014,South,681,58500,746,222000,247000,21,0
APP-00015,South,674,91500,1937,352000,447000,23,0
APP-00016,North,663,131500,2960,154000,265000,23,0
APP-00017,South,549,58500,384,259000,358000,59,0
APP-00018,West,734,93500,2718,204000,283000,133,0
APP-00019,East,787,100500,1805,140000,274000,62,0
APP-00020,North,739,129000,1923,273000,303000,184,0
APP-00021,North,746,145000,5285,294000,508000,664,0
APP-00022,North,752,111500,2659,110000,200000,43,0
APP-00023,East,710,113500,2875,139000,396000,180,0
APP-00024,West,690,101500,173,195000,233000,116,0
APP-00025,South,677,72500,1151,149000,296000,60,0
APP-00026,South,681,60000,642,333000,506000,33,0
APP-00027,South,630,87000,787,351000,596000,22,0
APP-00028,East,752,45500,834,306000,511000,237,0
APP-00029,East,741,71000,2528,185000,295000,64,0
APP-00030,South,542,85000,1323,281000,301000,185,0
APP-00031,North,,76000,516,186000,290000,16,0
APP-00032,West,608,,1067,119000,248000,13,0
APP-00033,South,686,72500,701,470000,563000,12,0
APP-00034,South,470,64000,1161,239000,317000,4,0
APP-00035,West,660,,1025,192000,277000,31,0
APP-00036,West,658,100000,2519,215000,385000,15,0
APP-00037,North,709,91000,2621,160000,256000,87,0
APP-00038,West,608,118000,3189,297000,372000,14,0
APP-00039,South,634,57000,1507,332000,424000,113,0
APP-00040,North,671,49000,679,187000,323000,78,0
APP-00041,East,718,,444,309000,335000,104,0
APP-00042,South,704,52500,1090,285000,408000,7,0
APP-00043,East,622,73500,2662,280000,304000,54,0
APP-00044,North,710,76000,511,169000,240000,1,0
APP-00045,West,692,88000,1046,193000,295000,10,0
APP-00046,West,678,132000,1955,101000,188000,142,0
APP-00047,West,579,112000,640,374000,408000,36,0
APP-00048,East,819,99000,627,122000,272000,16,0
APP-00049,South,758,68500,1316,160000,290000,18,0
APP-00050,South,650,58000,1277,145000,305000,11,0
APP-00051,South,596,56500,582,245000,321000,13,0
APP-00052,North,645,124000,1479,216000,296000,24,0
APP-00053,South,,70500,2392,202000,309000,12,0
APP-00054,North,782,87000,2573,117000,169000,37,0
APP-00055,West,689,100500,2363,336000,484000,56,0
APP-00056,North,752,81500,537,342000,506000,41,0
APP-00057,West,759,63500,1720,216000,300000,28,0
APP-00058,West,610,92000,924,246000,431000,17,0
APP-00059,South,672,80000,869,241000,324000,122,0
APP-00060,West,681,146000,2994,372000,381000,44,0
APP-00061,East,606,74500,1784,217000,244000,39,0
APP-00062,South,775,43000,377,447000,474000,167,0
APP-00063,South,702,81500,2879,207000,219000,32,0
APP-00064,North,716,78000,3694,169000,259000,42,0
APP-00065,North,681,43000,470,163000,233000,274,0
APP-00066,North,643,66000,231,274000,423000,74,0
APP-00067,South,695,78500,760,139000,276000,58,0
APP-00068,North,784,42500,523,150000,360000,208,0
APP-00069,East,634,89000,2439,102000,161000,110,0
APP-00070,North,708,62000,120,203000,324000,14,0
APP-00071,West,633,81500,604,195000,336000,82,0
APP-00072,North,626,89500,149,223000,462000,26,2
APP-00073,South,717,77500,569,164000,228000,134,1
APP-00074,North,657,108000,3468,214000,406000,46,0
APP-00075,North,660,111000,2140,154000,281000,100,0
APP-00076,South,656,84000,226,148000,315000,11,0
APP-00077,East,747,61500,266,354000,397000,132,0
APP-00078,South,772,94000,497,133000,379000,21,0
APP-00079,North,641,88000,1516,433000,533000,45,0
APP-00080,North,709,119500,1152,247000,416000,91,0
APP-00081,North,739,101500,4688,111000,293000,13,0
APP-00082,West,724,138500,4151,331000,470000,106,0
APP-00083,South,671,44000,510,274000,317000,90,0
APP-00084,West,638,74000,327,359000,468000,77,0
APP-00085,East,705,49000,1249,324000,389000,105,0
APP-00086,North,765,106000,1736,168000,268000,17,0
APP-00087,West,758,53000,137,218000,330000,2,0
APP-00088,North,748,85500,1124,174000,277000,66,0
APP-00089,South,663,69500,392,326000,413000,162,1
APP-00090,South,700,40500,713,214000,395000,44,0
APP-00091,North,755,93500,1047,332000,346000,168,0
APP-00092,West,777,61500,337,288000,457000,42,0
APP-00093,North,733,134000,1819,131000,252000,75,0
APP-00094,South,612,67000,329,233000,382000,65,0
APP-00095,South,715,122500,3374,189000,227000,5,0
APP-00096,South,781,44000,677,130000,256000,56,0
APP-00097,North,777,68000,475,362000,429000,52,0
APP-00098,South,655,118000,2225,148000,237000,17,0
APP-00099,West,693,59000,1407,195000,312000,9,0
APP-00100,East,730,62500,990,215000,353000,78,0
APP-00101,East,691,63000,1211,250000,282000,17,0
APP-00102,North,609,84000,1038,198000,269000,10,0
APP-00103,West,676,55500,767,191000,371000,54,0
APP-00104,West,729,82500,1874,244000,360000,51,0
APP-00105,South,730,89500,2024,151000,231000,50,0
APP-00106,South,556,41500,842,203000,283000,158,0
APP-00107,North,695,117500,701,490000,532000,49,0
APP-00108,West,850,97500,1697,196000,301000,38,0
APP-00109,South,562,91000,1231,171000,394000,33,0
APP-00110,West,739,100000,386,181000,434000,51,0
APP-00111,South,632,78000,2326,176000,349000,52,0
APP-00112,East,671,91000,3047,237000,282000,7,0
APP-00113,East,627,99500,763,227000,280000,203,0
APP-00114,South,634,56500,668,87000,230000,13,0
APP-00115,North,647,37500,466,563000,866000,130,0
APP-00116,West,797,258500,5394,439000,582000,5,0
APP-00117,North,789,109500,3483,265000,416000,68,0
APP-00118,East,743,101500,698,352000,366000,9,0
APP-00119,South,655,57000,1231,282000,392000,170,0
APP-00120,North,703,98500,403,188000,415000,9,0
APP-00121,North,605,175000,1805,460000,466000,92,0
APP-00122,East,649,127000,2065,495000,536000,28,0
APP-00123,South,671,119500,2861,413000,470000,29,0
APP-00124,South,684,59000,1863,49000,139000,240,0
APP-00125,East,596,66000,1509,178000,248000,83,0
APP-00126,East,742,72000,364,195000,268000,34,0
APP-00127,East,710,111000,1603,182000,303000,45,0
APP-00128,West,746,116500,207,384000,436000,73,0
APP-00129,North,744,53500,1106,415000,480000,29,0
APP-00130,South,639,122500,978,261000,316000,148,0
APP-00131,North,655,106500,3269,199000,350000,173,0
APP-00132,East,,105500,621,96000,255000,31,0
APP-00133,West,801,129500,1444,182000,404000,47,0
APP-00134,North,672,75000,1186,163000,248000,36,0
APP-00135,North,614,59000,2967,163000,277000,55,0
APP-00136,North,670,85000,1734,199000,370000,10,0
APP-00137,West,637,77500,965,363000,459000,43,0
APP-00138,South,648,126000,3633,117000,212000,125,0
APP-00139,North,758,55500,92,143000,342000,400,0
APP-00140,North,725,76000,1007,349000,429000,50,0
APP-00141,North,662,75500,1647,242000,389000,2,0
APP-00142,East,659,85000,3680,180000,259000,24,0
APP-00143,South,667,81000,1827,249000,363000,147,0
APP-00144,South,609,55000,1346,201000,348000,56,0
APP-00145,West,731,100000,2838,203000,262000,44,0
APP-00146,North,798,108000,1475,141000,347000,15,0
APP-00147,North,702,67500,1769,495000,536000,29,0
APP-00148,West,,73500,2685,176000,246000,25,0
APP-00149,South,782,34000,663,307000,413000,103,0
APP-00150,East,631,120500,2985,234000,372000,115,0
APP-00151,East,589,107000,1228,264000,378000,110,0
APP-00152,West,583,54000,1050,261000,412000,152,0
APP-00153,East,780,124500,1185,111000,315000,7,0
APP-00154,East,748,63000,599,161000,362000,71,0
APP-00155,East,638,82000,1665,247000,301000,49,0
APP-00156,East,697,66500,1781,252000,403000,79,0
APP-00157,West,,95500,939,59000,141000,53,0
APP-00158,East,773,98000,2347,297000,468000,77,0
APP-00159,South,654,55000,529,150000,271000,138,0
APP-00160,West,641,98000,2832,171000,221000,162,0
APP-00161,West,624,140500,3540,267000,383000,69,0
APP-00162,South,659,140000,1984,108000,194000,78,0
APP-00163,West,669,85500,1828,265000,336000,230,0
APP-00164,North,,60500,2727,252000,368000,23,0
APP-00165,North,663,91500,1593,175000,251000,201,0
APP-00166,North,668,74500,2602,190000,311000,3,0
APP-00167,East,771,70000,869,316000,391000,45,0
APP-00168,North,707,135000,1390,230000,448000,48,0
APP-00169,South,662,52000,363,279000,410000,48,0
APP-00170,West,753,115000,3390,272000,361000,36,0
APP-00171,East,656,44500,704,376000,591000,17,0
APP-00172,North,690,,138,140000,257000,200,0
APP-00173,East,731,107000,685,339000,367000,33,0
APP-00174,West,741,88500,1989,381000,501000,22,0
APP-00175,South,567,40000,227,236000,372000,104,0
APP-00176,North,664,96000,593,161000,227000,90,0
APP-00177,East,663,115000,782,265000,394000,62,0
APP-00178,South,566,68500,2374,192000,255000,16,0
APP-00179,North,722,79500,582,152000,263000,357,0
APP-00180,North,743,125500,1060,215000,443000,191,0
APP-00181,North,684,70500,2016,465000,499000,65,0
APP-00182,South,658,63000,1405,107000,202000,17,0
APP-00183,South,684,76500,501,142000,196000,75,0
APP-00184,East,735,73500,2336,350000,383000,43,0
APP-00185,West,614,63500,319,283000,355000,24,1
APP-00186,West,710,112500,1885,235000,336000,41,0
APP-00187,North,742,153000,3601,95000,207000,30,0
APP-00188,East,664,99000,684,424000,533000,158,0
APP-00189,East,689,56000,430,336000,401000,6,0
APP-00190,North,767,42000,819,257000,425000,318,0
APP-00191,East,629,56000,1114,124000,271000,111,0
APP-00192,East,783,59500,638,124000,197000,527,0
APP-00193,East,676,35000,1142,244000,318000,169,0
APP-00194,North,684,132500,3603,241000,312000,258,0
APP-00195,East,546,54500,646,194000,409000,230,0
APP-00196,West,,103500,1714,122000,190000,281,0
APP-00197,South,609,79000,1490,230000,369000,82,0
APP-00198,West,665,170000,2350,291000,351000,112,0
APP-00199,West,736,115500,986,227000,368000,65,0
APP-00200,South,666,85000,2965,304000,376000,173,0
APP-00201,North,577,142000,884,301000,472000,68,0
APP-00202,East,633,40000,648,436000,624000,36,0
APP-00203,North,684,92000,1676,105000,290000,42,0
APP-00204,South,734,90500,960,153000,247000,30,0
APP-00205,North,650,53000,698,292000,424000,12,0
APP-00206,South,585,98000,2542,302000,393000,2,0
APP-00207,North,730,130000,2649,138000,244000,4,0
APP-00208,North,641,76500,1871,393000,563000,93,0
APP-00209,West,563,97000,2130,164000,290000,220,0
APP-00210,West,702,101000,1432,251000,380000,199,0
APP-00211,West,850,91000,1048,119000,144000,37,0
APP-00212,East,708,150500,2061,177000,256000,133,0
APP-00213,East,634,46000,688,289000,379000,9,0
APP-00214,West,675,119000,3996,471000,597000,11,0
APP-00215,East,731,87000,1334,135000,269000,17,0
APP-00216,North,727,77500,2948,381000,454000,305,1
APP-00217,South,850,51000,387,148000,354000,121,0
APP-00218,North,745,119000,2481,54000,153000,156,0
APP-00219,North,796,78500,942,208000,330000,84,0
APP-00220,South,682,49500,1432,122000,228000,108,0
APP-00221,South,664,54500,610,179000,228000,155,0
APP-00222,East,674,54500,2334,305000,368000,219,0
APP-00223,West,627,94500,3172,91000,248000,55,0
APP-00224,South,592,52000,1617,302000,429000,96,0
APP-00225,West,656,59500,648,189000,309000,157,0
APP-00226,West,817,176500,5742,217000,284000,21,0
APP-00227,South,617,47500,989,201000,343000,84,0
APP-00228,East,698,83500,2615,145000,158000,148,0
APP-00229,North,850,81000,1050,205000,247000,19,0
APP-00230,North,781,148000,635,170000,261000,200,0
APP-00231,North,826,148500,1793,120000,168000,3,0
APP-00232,East,716,111000,3513,282000,339000,61,0
APP-00233,East,663,95500,763,161000,282000,20,0
APP-00234,West,704,64000,196,160000,260000,68,0
APP-00235,South,685,52000,1647,106000,173000,52,0
APP-00236,West,759,78000,481,281000,639000,7,0
APP-00237,North,602,117000,1484,281000,373000,3,0
APP-00238,North,745,49000,494,279000,376000,341,0
APP-00239,South,646,97500,1342,172000,248000,34,0
APP-00240,North,744,72500,1818,236000,346000,6,0
APP-00241,North,796,81500,987,528000,708000,141,0
APP-00242,West,660,107000,2365,297000,430000,6,0
APP-00243,North,653,82500,2962,342000,427000,122,0
APP-00244,South,689,69500,2334,180000,334000,6,0
APP-00245,East,642,107000,723,175000,231000,53,0
APP-00246,South,724,60000,1448,181000,438000,136,0
APP-00247,North,805,74500,1838,144000,256000,152,0
APP-00248,South,667,68500,1501,186000,310000,32,0
APP-00249,West,747,111000,1182,191000,230000,5,0
APP-00250,West,640,63500,273,385000,418000,77,0
APP-00251,North,766,67000,352,215000,256000,190,0
APP-00252,West,709,83500,1519,76000,173000,5,0
APP-00253,South,598,91000,2909,315000,570000,146,0
APP-00254,North,756,55500,396,343000,493000,17,0
APP-00255,East,823,53000,399,198000,217000,15,0
APP-00256,South,670,84000,2822,237000,362000,8,0
APP-00257,South,,40000,749,298000,375000,39,0
APP-00258,South,721,117000,667,329000,459000,157,0
APP-00259,South,584,87500,373,537000,615000,233,0
APP-00260,East,698,120000,2025,581000,607000,68,0
APP-00261,North,796,39000,251,185000,228000,82,0
APP-00262,North,746,124000,2182,294000,347000,11,0
APP-00263,North,700,52000,159,364000,555000,105,0
APP-00264,West,631,55500,1248,226000,297000,210,0
APP-00265,East,707,92000,566,296000,387000,10,0
APP-00266,West,841,155000,6076,302000,540000,25,0
APP-00267,East,,82000,324,104000,298000,229,0
APP-00268,East,652,58500,1262,239000,479000,108,0
APP-00269,North,656,66500,3015,151000,318000,187,0
APP-00270,East,685,97000,2677,215000,454000,102,0
APP-00271,East,745,71500,119,178000,345000,1,0
APP-00272,North,730,147000,3122,143000,198000,45,0
APP-00273,East,661,118500,2650,254000,303000,18,0
APP-00274,West,784,61000,2029,350000,409000,27,0
APP-00275,West,711,110000,1880,184000,365000,30,0
APP-00276,West,697,183500,3207,217000,335000,2,0
APP-00277,North,632,77000,969,206000,420000,7,0
APP-00278,South,,59000,678,211000,284000,122,0
APP-00279,West,580,120500,3421,271000,315000,71,0
APP-00280,South,585,68500,654,291000,298000,3,0
APP-00281,West,663,79500,2940,199000,348000,150,1
APP-00282,West,643,80000,1130,246000,355000,67,0
APP-00283,South,745,70000,1459,310000,331000,87,0
APP-00284,North,665,55000,1471,483000,504000,75,2
APP-00285,West,636,66000,299,152000,283000,98,0
APP-00286,North,717,68500,1695,141000,311000,91,0
APP-00287,North,729,138000,1916,127000,238000,121,0
APP-00288,South,607,63500,1496,232000,346000,73,0
APP-00289,West,708,117000,3182,228000,384000,8,0
APP-00290,South,690,59500,946,334000,395000,16,0
APP-00291,East,725,108500,871,298000,453000,25,0
APP-00292,South,773,73500,1370,130000,247000,65,0
APP-00293,East,696,79500,1693,221000,282000,18,0
APP-00294,West,783,69000,423,286000,338000,20,0
APP-00295,South,604,78500,427,317000,356000,171,0
APP-00296,South,694,49000,637,147000,227000,27,0
APP-00297,South,621,40500,742,300000,323000,9,0
APP-00298,South,729,35000,666,198000,306000,31,0
APP-00299,West,744,93500,1251,182000,209000,20,0
APP-00300,West,638,53500,543,297000,438000,4,0
APP-00301,West,707,54000,318,188000,403000,88,0
APP-00302,East,723,55500,92,317000,449000,12,0
APP-00303,North,726,39500,1030,181000,218000,29,0
APP-00304,South,803,57500,241,343000,494000,40,0
APP-00305,South,622,88500,891,335000,533000,11,0
APP-00306,North,823,122000,3641,182000,327000,16,0
APP-00307,South,722,44500,1051,90000,256000,103,0
APP-00308,North,653,63500,1468,178000,338000,150,0
APP-00309,North,663,132500,6448,335000,353000,209,0
APP-00310,South,644,62500,1659,220000,281000,89,0
APP-00311,East,713,136500,2184,321000,347000,147,0
APP-00312,North,659,,466,213000,398000,61,0
APP-00313,South,712,93500,952,148000,230000,33,0
APP-00314,East,696,83000,2881,98000,183000,31,0
APP-00315,South,700,98000,1400,208000,397000,37,0
APP-00316,East,699,87500,3287,177000,193000,110,2
APP-00317,West,607,83500,139,70000,180000,31,0
APP-00318,North,708,51500,786,190000,323000,40,0
APP-00319,South,731,62500,1031,409000,469000,181,0
APP-00320,North,686,64000,285,171000,235000,68,0
APP-00321,East,725,93500,735,318000,500000,143,0
APP-00322,West,762,66000,578,223000,295000,130,0
APP-00323,West,687,60000,230,169000,262000,21,0
APP-00324,North,694,152500,2541,251000,422000,224,0
APP-00325,South,700,51000,1666,211000,287000,83,0
APP-00326,South,751,72500,2015,204000,396000,19,0
APP-00327,South,606,54000,524,277000,546000,11,0
APP-00328,West,765,53500,951,314000,376000,69,0
APP-00329,East,713,51000,1290,130000,371000,37,0
APP-00330,South,721,90000,1823,193000,213000,60,0
APP-00331,North,674,79000,1794,208000,273000,67,0
APP-00332,West,,88500,2547,134000,186000,67,0
APP-00333,North,746,151000,388,259000,426000,280,0
APP-00334,East,601,68000,1965,101000,198000,14,0
APP-00335,East,708,134500,2646,173000,358000,54,0
APP-00336,East,670,64000,1382,163000,311000,105,0
APP-00337,South,600,39000,935,279000,321000,84,0
APP-00338,North,684,96000,2138,315000,498000,19,0
APP-00339,South,688,51500,696,176000,231000,8,0
APP-00340,West,772,65500,935,247000,345000,153,0
APP-00341,North,634,166000,3597,266000,391000,40,0
APP-00342,North,627,67000,2873,220000,375000,54,0
APP-00343,South,621,50000,228,390000,570000,26,0
APP-00344,North,712,132000,859,199000,321000,68,0
APP-00345,South,720,52500,486,458000,466000,22,0
APP-00346,North,739,137000,4348,221000,288000,47,0
APP-00347,North,,55500,2710,167000,258000,95,0
APP-00348,East,666,52000,1026,258000,392000,78,0
APP-00349,East,766,70500,2717,201000,279000,242,0
APP-00350,West,737,67500,1204,330000,472000,7,0
APP-00351,East,,114500,510,396000,414000,19,0
APP-00352,West,776,104500,3961,316000,423000,97,0
APP-00353,South,668,48000,130,189000,243000,27,0
APP-00354,North,736,79000,2249,237000,272000,78,1
APP-00355,West,723,62000,1196,255000,336000,114,0
APP-00356,North,774,77000,1071,242000,295000,145,0
APP-00357,North,670,79500,1566,206000,329000,5,0
APP-00358,East,703,71500,975,159000,209000,79,0
APP-00359,South,658,27000,882,131000,181000,97,0
APP-00360,West,741,54500,1658,202000,219000,16,0
APP-00361,North,785,68500,1995,142000,272000,147,0
APP-00362,North,740,44000,390,184000,271000,6,0
APP-00363,North,740,110000,1435,249000,289000,127,0
APP-00364,North,740,74500,231,448000,562000,117,0
APP-00365,South,762,52500,1814,282000,450000,189,0
APP-00366,North,683,68500,496,179000,221000,49,0
APP-00367,West,685,96000,1250,124000,176000,9,0
APP-00368,West,787,66000,2435,416000,545000,110,0
APP-00369,East,679,83000,1698,143000,241000,21,0
APP-00370,East,724,93500,2481,391000,494000,69,0
APP-00371,North,545,70500,1735,294000,443000,114,0
APP-00372,East,752,114500,2135,285000,348000,355,0
APP-00373,East,654,78500,1033,306000,333000,53,0
APP-00374,North,733,90500,2087,623000,666000,84,0
APP-00375,East,678,79000,1914,277000,424000,51,0
APP-00376,South,715,65500,848,247000,371000,69,0
APP-00377,West,683,57000,585,371000,626000,63,0
APP-00378,West,717,52500,884,228000,311000,356,0
APP-00379,South,716,,887,390000,441000,294,1
APP-00380,North,839,61500,1835,287000,519000,165,0
APP-00381,North,807,83500,1738,219000,321000,52,0
APP-00382,North,618,87500,541,333000,357000,300,0
APP-00383,South,780,65500,1912,178000,320000,14,0
APP-00384,South,,145000,1180,197000,218000,27,0
APP-00385,North,631,65000,593,443000,481000,60,0
APP-00386,South,710,151000,3095,364000,448000,72,0
APP-00387,East,732,103500,1988,308000,459000,203,0
APP-00388,West,688,103500,2297,237000,268000,83,0
APP-00389,South,582,57000,2760,425000,518000,16,0
APP-00390,South,658,127500,3751,318000,542000,60,0
APP-00391,North,641,60500,668,141000,199000,337,0
APP-00392,East,837,125500,1536,376000,411000,4,0
APP-00393,South,841,91500,1977,140000,205000,64,0
APP-00394,East,769,125500,2415,91000,240000,34,0
APP-00395,North,669,77000,1358,374000,433000,92,0
APP-00396,South,611,64500,680,209000,288000,88,0
APP-00397,West,629,67000,801,409000,492000,81,0
APP-00398,South,629,55000,1492,122000,238000,269,0
APP-00399,North,709,93500,850,405000,554000,24,0
APP-00400,West,830,67500,936,126000,181000,92,0
APP-00401,North,704,58000,998,140000,269000,5,0
APP-00402,South,644,93500,1046,301000,335000,43,0
APP-00403,North,734,52500,1340,142000,311000,19,0
APP-00404,South,682,132000,895,286000,419000,31,0
APP-00405,East,674,87000,2742,281000,342000,67,0
APP-00406,West,722,92000,4091,347000,351000,215,0
APP-00407,West,686,117000,2650,212000,317000,12,0
APP-00408,South,720,46500,961,289000,304000,348,0
APP-00409,South,660,81000,135,112000,230000,33,0
APP-00410,East,774,57500,957,308000,370000,3,1
APP-00411,North,808,86500,3280,209000,465000,214,0
APP-00412,East,,77000,398,191000,376000,146,0
APP-00413,East,721,100500,1456,150000,197000,266,0
APP-00414,South,712,61000,1362,336000,386000,54,0
APP-00415,West,686,143500,3526,86000,222000,23,0
APP-00416,North,642,120500,3243,264000,572000,91,0
APP-00417,East,635,75500,1766,135000,210000,67,0
APP-00418,East,663,65000,1672,323000,407000,10,0
APP-00419,West,668,159000,6241,378000,456000,70,0
APP-00420,East,,73500,826,371000,437000,54,0
APP-00421,East,764,90000,1685,352000,368000,70,0
APP-00422,East,679,88000,2187,125000,191000,93,0
APP-00423,North,586,68000,818,226000,396000,175,0
APP-00424,West,731,54000,713,370000,474000,56,0
APP-00425,North,,70000,1189,142000,405000,1,0
APP-00426,West,718,85500,978,167000,352000,126,1
APP-00427,South,682,64000,1070,193000,276000,34,0
APP-00428,East,707,57500,707,227000,254000,28,0
APP-00429,North,747,136000,4205,283000,352000,171,0
APP-00430,North,812,100000,1835,380000,548000,58,0
APP-00431,South,656,62500,148,275000,447000,32,0
APP-00432,South,822,67000,463,384000,485000,50,0
APP-00433,West,700,56500,1954,117000,150000,103,0
APP-00434,West,691,99500,3191,274000,344000,57,0
APP-00435,West,801,161500,6734,413000,667000,116,0
APP-00436,East,710,106000,2941,218000,266000,256,0
APP-00437,North,705,112500,2243,263000,309000,5,0
APP-00438,North,804,66500,358,305000,390000,23,0
APP-00439,North,784,92000,3736,218000,297000,118,0
APP-00440,West,744,80000,268,231000,264000,37,0
APP-00441,West,755,114000,1507,390000,410000,2,0
APP-00442,East,734,47500,1223,163000,208000,41,0
APP-00443,West,665,77500,1387,193000,295000,8,0
APP-00444,West,745,84500,399,160000,394000,12,0
APP-00445,East,784,68500,753,252000,363000,53,0
APP-00446,South,681,45000,206,223000,258000,121,0
APP-00447,East,701,60500,904,217000,314000,56,0
APP-00448,North,728,110000,2509,154000,219000,46,0
APP-00449,West,658,124000,5126,246000,411000,20,0
APP-00450,South,626,67000,2095,160000,212000,54,0
APP-00451,West,641,48000,721,134000,213000,42,0
APP-00452,East,,126500,3221,112000,205000,196,0
APP-00453,South,791,57000,1296,163000,285000,71,0
APP-00454,West,675,117500,2523,235000,359000,1,0
APP-00455,South,684,55000,1753,291000,310000,8,0
APP-00456,South,667,99500,2028,206000,269000,302,1
APP-00457,West,700,86500,1284,144000,224000,237,0
APP-00458,South,583,34500,1259,309000,404000,54,0
APP-00459,South,785,53500,2126,153000,178000,95,0
APP-00460,West,766,83500,2533,199000,227000,32,0
APP-00461,South,720,65500,556,257000,439000,19,0
APP-00462,West,561,79000,392,326000,396000,1,0
APP-00463,North,769,97500,2782,284000,449000,97,0
APP-00464,North,657,98000,1583,251000,518000,122,0
APP-00465,East,725,176000,2188,307000,419000,18,0
APP-00466,West,773,119500,3906,241000,300000,84,0
APP-00467,West,675,91000,1006,304000,384000,101,0
APP-00468,West,656,73000,228,176000,265000,37,0
APP-00469,South,664,73000,827,299000,368000,196,0
APP-00470,East,552,113000,819,299000,321000,52,0
APP-00471,East,671,83000,1702,343000,652000,34,0
APP-00472,North,682,71500,542,351000,457000,65,0
APP-00473,South,667,72000,704,395000,463000,74,0
APP-00474,South,638,52000,793,163000,284000,32,0
APP-00475,East,713,78000,1986,389000,492000,87,0
APP-00476,South,610,57000,2248,239000,480000,70,0
APP-00477,West,712,35500,716,163000,237000,126,0
APP-00478,West,637,95500,2654,205000,327000,9,0
APP-00479,South,608,48500,1345,268000,481000,16,0
APP-00480,South,580,84000,3125,309000,375000,308,0
APP-00481,West,711,169000,1971,136000,390000,180,0
APP-00482,North,654,105000,1238,226000,363000,52,1
APP-00483,East,773,108000,1641,124000,219000,33,0
APP-00484,South,683,74000,1960,102000,197000,91,1
APP-00485,East,692,52500,378,191000,367000,28,0
APP-00486,North,719,76000,347,162000,274000,137,0
APP-00487,North,652,151000,3064,167000,293000,49,0
APP-00488,North,702,36000,472,214000,237000,2,0
APP-00489,North,764,78500,1327,246000,364000,21,0
APP-00490,East,713,70500,304,168000,245000,175,0
APP-00491,East,729,42000,233,157000,255000,7,0
APP-00492,East,699,62500,104,109000,206000,309,0
APP-00493,North,721,68500,2707,194000,245000,27,0
APP-00494,West,714,133500,1733,194000,357000,46,0
APP-00495,East,792,59500,1635,290000,377000,16,0
APP-00496,West,673,60500,203,376000,404000,44,0
APP-00497,North,698,82000,1127,324000,357000,47,0
APP-00498,West,686,72500,620,272000,395000,39,0
APP-00499,North,608,72500,1367,248000,420000,117,0
APP-00500,South,615,32000,523,262000,293000,128,0
APP-00501,East,738,79000,1128,188000,255000,39,0
APP-00502,South,716,113500,652,135000,209000,13,0
APP-00503,East,756,172500,2418,298000,496000,22,0
APP-00504,North,722,61000,2054,218000,396000,120,0
APP-00505,East,663,60500,1039,237000,306000,53,0
APP-00506,West,,90000,1395,149000,289000,51,0
APP-00507,North,590,76000,733,233000,311000,46,0
APP-00508,West,817,79000,1453,354000,502000,1,0
APP-00509,North,646,54000,115,238000,420000,5,0
APP-00510,South,695,57000,906,119000,193000,28,0
APP-00511,East,670,105000,3166,251000,345000,43,0
APP-00512,North,731,71000,677,132000,288000,39,0
APP-00513,North,709,89000,1296,82000,176000,26,0
APP-00514,South,598,68500,2137,126000,177000,89,0
APP-00515,West,786,108500,5477,228000,312000,537,0
APP-00516,North,687,81500,2297,253000,342000,293,0
APP-00517,West,748,92500,1161,196000,383000,104,0
APP-00518,West,667,62000,726,303000,372000,72,0
APP-00519,West,556,114000,2754,304000,417000,194,0
APP-00520,North,684,119000,2023,208000,290000,93,0
APP-00521,East,717,52000,1377,299000,395000,5,0
APP-00522,South,690,85000,327,304000,449000,211,0
APP-00523,West,685,107500,2973,144000,219000,279,0
APP-00524,South,612,83000,2137,133000,246000,146,0
APP-00525,North,,66500,2636,181000,270000,84,0
APP-00526,North,757,60000,1457,267000,410000,77,0
APP-00527,South,662,85000,1692,226000,347000,153,0
APP-00528,West,695,63000,622,207000,226000,16,0
APP-00529,West,723,105500,908,186000,344000,89,0
APP-00530,West,698,56000,3156,311000,327000,53,0
APP-00531,North,768,106500,1313,309000,445000,53,0
APP-00532,South,644,47500,1191,379000,540000,232,0
APP-00533,South,773,63500,1016,212000,438000,186,0
APP-00534,West,672,93000,740,289000,415000,110,0
APP-00535,North,640,158000,937,366000,424000,113,0
APP-00536,North,752,96000,3286,189000,267000,3,0
APP-00537,North,691,112500,920,279000,490000,28,0
APP-00538,West,688,122500,2246,325000,601000,19,0
APP-00539,East,722,60000,727,249000,258000,30,0
APP-00540,East,699,55000,1295,181000,220000,102,0
APP-00541,South,,72500,1399,97000,278000,249,0
APP-00542,North,678,56500,1750,122000,270000,127,0
APP-00543,South,604,90000,1323,172000,240000,78,0
APP-00544,South,701,93500,2629,348000,471000,27,0
APP-00545,North,642,81500,497,246000,342000,29,0
APP-00546,East,677,64500,1636,533000,643000,14,0
APP-00547,North,715,78500,2766,105000,237000,40,0
APP-00548,North,624,96500,161,157000,290000,152,0
APP-00549,North,614,75000,1969,204000,478000,250,0
APP-00550,East,630,163000,2109,459000,507000,363,0
APP-00551,South,667,73500,2426,146000,273000,31,1
APP-00552,North,698,37500,1015,178000,280000,18,0
APP-00553,North,570,68500,1307,262000,343000,146,0
APP-00554,North,614,64500,720,246000,291000,30,0
APP-00555,East,691,59000,633,118000,235000,37,0
APP-00556,West,672,49000,2129,225000,306000,202,0
APP-00557,East,705,51500,365,198000,302000,35,0
APP-00558,East,817,89500,2295,159000,334000,80,0
APP-00559,West,665,112500,561,167000,348000,94,0
APP-00560,South,,73500,1144,246000,322000,233,0
APP-00561,West,792,75000,1708,133000,316000,23,0
APP-00562,East,719,122500,2413,114000,326000,21,0
APP-00563,West,710,69000,996,158000,244000,110,0
APP-00564,West,628,65500,1945,398000,430000,41,0
APP-00565,West,795,73500,3323,109000,210000,107,0
APP-00566,East,631,85000,210,157000,293000,70,0
APP-00567,West,723,146000,5255,147000,248000,53,1
APP-00568,North,586,88500,901,183000,262000,139,0
APP-00569,West,715,75500,731,156000,212000,5,0
APP-00570,North,689,76500,3002,197000,240000,85,0
APP-00571,North,674,88500,586,121000,167000,169,0
APP-00572,North,752,85000,1180,323000,387000,11,0
APP-00573,East,716,85000,2362,208000,297000,127,0
APP-00574,South,598,70000,1351,196000,281000,112,0
APP-00575,North,628,98500,356,262000,397000,81,0
APP-00576,North,748,51000,536,231000,267000,48,0
APP-00577,North,743,70000,920,219000,434000,84,0
APP-00578,West,710,66000,886,271000,501000,255,0
APP-00579,South,746,56000,870,239000,282000,3,0
APP-00580,East,664,88500,824,256000,407000,14,0
APP-00581,South,615,69000,1933,134000,230000,155,0
APP-00582,West,675,75000,2655,258000,309000,8,0
APP-00583,North,687,173500,1904,372000,439000,95,0
APP-00584,North,833,123000,4301,349000,467000,70,0
APP-00585,North,,100000,1525,597000,631000,27,0
APP-00586,South,582,83500,3217,383000,682000,48,0
APP-00587,East,728,105000,2298,384000,514000,135,0
APP-00588,East,806,94000,604,328000,484000,107,0
APP-00589,West,661,117500,2679,365000,441000,36,0
APP-00590,South,688,,950,311000,386000,12,0
APP-00591,East,740,68500,1628,211000,278000,4,0
APP-00592,South,689,49000,1065,310000,367000,80,0
APP-00593,South,564,66000,1918,330000,398000,151,0
APP-00594,East,678,55500,2051,153000,207000,37,0
APP-00595,East,776,99000,2435,157000,187000,154,0
APP-00596,North,641,77000,209,287000,330000,71,0
APP-00597,West,751,95500,761,236000,302000,135,0
APP-00598,East,745,76000,450,329000,460000,33,0
APP-00599,East,648,,1097,243000,382000,55,0
APP-00600,West,610,122000,2368,230000,281000,16,0
APP-00601,North,777,48000,1093,153000,258000,16,0
APP-00602,North,575,103500,1814,122000,307000,19,0
APP-00603,East,644,42500,113,175000,340000,172,0
APP-00604,North,787,87000,1336,245000,276000,88,0
APP-00605,West,704,210000,8463,325000,475000,45,0
APP-00606,North,660,84500,1338,74000,206000,48,0
APP-00607,North,712,96000,1413,183000,323000,27,0
APP-00608,South,661,69000,883,233000,393000,66,0
APP-00609,South,678,91500,1884,338000,397000,8,0
APP-00610,East,717,88500,2981,213000,221000,38,1
APP-00611,North,763,81000,2130,319000,409000,133,0
APP-00612,West,751,167000,3901,317000,476000,30,0
APP-00613,East,626,84500,954,231000,391000,86,0
APP-00614,East,679,53000,1724,363000,550000,4,0
APP-00615,North,665,70000,2214,300000,542000,66,0
APP-00616,East,632,54500,344,233000,320000,109,0
APP-00617,East,,102000,2131,176000,299000,3,0
APP-00618,North,753,138000,4490,307000,358000,77,0
APP-00619,South,614,71000,757,204000,288000,28,0
APP-00620,West,629,124000,2121,395000,766000,100,0
APP-00621,West,650,74500,1718,326000,441000,282,0
APP-00622,North,798,136500,2064,192000,306000,133,0
APP-00623,South,774,80500,1853,173000,259000,39,0
APP-00624,West,763,93500,775,84000,191000,245,0
APP-00625,North,807,51500,809,275000,354000,94,0
APP-00626,West,672,126500,3905,237000,403000,17,0
APP-00627,North,757,69000,273,389000,445000,37,0
APP-00628,South,566,80500,2560,280000,372000,29,0
APP-00629,West,699,174000,2339,173000,272000,2,0
APP-00630,South,674,28500,946,613000,647000,4,0
APP-00631,East,,82000,165,280000,436000,171,0
APP-00632,South,,73500,764,438000,500000,321,0
APP-00633,North,713,108500,2667,387000,431000,163,0
APP-00634,South,700,64500,472,312000,578000,2,0
APP-00635,North,720,105500,2296,224000,351000,128,0
APP-00636,West,637,64500,1172,132000,306000,30,0
APP-00637,North,695,180000,547,271000,301000,25,0
APP-00638,West,764,82500,374,239000,277000,93,0
APP-00639,North,733,123500,1219,124000,309000,168,0
APP-00640,West,592,67500,1346,161000,336000,103,0
APP-00641,South,654,98500,1534,298000,428000,7,0
APP-00642,East,734,95000,886,185000,274000,77,0
APP-00643,West,731,68000,1442,250000,323000,49,0
APP-00644,North,629,61000,2317,233000,348000,3,0
APP-00645,South,626,83000,2423,210000,262000,7,0
APP-00646,East,680,57500,467,268000,397000,23,0
APP-00647,South,721,45500,280,512000,654000,120,0
APP-00648,North,726,69000,879,167000,234000,108,0
APP-00649,East,797,55500,377,319000,374000,48,0
APP-00650,South,705,109000,1424,205000,264000,25,0
APP-00651,South,689,69000,2386,244000,440000,22,0
APP-00652,West,727,106500,3684,279000,374000,32,0
APP-00653,South,686,73500,3057,291000,399000,133,0
APP-00654,West,670,103500,2163,285000,336000,170,0
APP-00655,West,770,153500,3869,133000,260000,198,0
APP-00656,North,736,75000,2574,329000,471000,78,0
APP-00657,South,766,94000,2287,256000,318000,125,0
APP-00658,North,689,70000,639,275000,434000,134,0
APP-00659,South,597,44000,546,137000,226000,105,0
APP-00660,East,777,60000,1020,387000,594000,103,0
APP-00661,West,691,130500,2331,411000,464000,57,0
APP-00662,South,718,77000,1612,298000,369000,22,2
APP-00663,West,738,87000,1093,356000,566000,37,0
APP-00664,West,682,91500,2363,237000,464000,125,0
APP-00665,North,745,85500,965,188000,406000,76,0
APP-00666,South,607,,455,188000,296000,41,0
APP-00667,South,637,124000,3312,364000,523000,24,0
APP-00668,South,745,95000,2648,173000,301000,11,0
APP-00669,North,673,95000,1287,251000,365000,14,0
APP-00670,East,742,100500,3706,333000,399000,19,0
APP-00671,North,661,93000,2167,279000,339000,24,0
APP-00672,South,693,45000,352,254000,332000,87,0
APP-00673,North,680,71500,1415,290000,309000,50,0
APP-00674,North,640,107000,3016,227000,376000,4,0
APP-00675,South,612,84500,668,253000,390000,3,0
APP-00676,North,661,105500,2572,245000,467000,82,0
APP-00677,South,741,52000,1337,246000,307000,36,0
APP-00678,North,741,70500,1031,92000,263000,176,0
APP-00679,East,755,61000,1292,204000,307000,322,0
APP-00680,East,709,44500,895,355000,430000,199,0
APP-00681,East,676,,859,383000,463000,7,0
APP-00682,East,658,114500,1077,195000,268000,99,0
APP-00683,North,728,86500,745,112000,321000,87,0
APP-00684,West,611,87000,1986,481000,496000,21,0
APP-00685,South,689,42000,1087,110000,185000,118,0
APP-00686,West,621,77500,3318,341000,402000,32,0
APP-00687,North,740,105000,2443,136000,245000,270,0
APP-00688,East,581,94500,1691,187000,202000,16,0
APP-00689,North,692,103000,3323,345000,489000,142,0
APP-00690,South,702,61000,211,294000,352000,66,0
APP-00691,North,713,79000,1013,196000,249000,9,0
APP-00692,South,713,71500,957,216000,455000,40,0
APP-00693,East,647,68000,263,243000,283000,9,0
APP-00694,South,650,75500,2821,151000,202000,71,0
APP-00695,North,749,55000,1417,96000,189000,7,0
APP-00696,South,613,56000,410,257000,285000,325,0
APP-00697,East,679,59000,590,193000,237000,9,0
APP-00698,South,635,69500,487,185000,410000,17,0
APP-00699,North,645,123500,3420,315000,345000,58,0
APP-00700,South,618,99500,2893,131000,226000,62,0
APP-00701,East,685,75000,2198,165000,312000,34,0
APP-00702,South,646,63500,335,508000,605000,100,0
APP-00703,West,612,110500,2996,268000,393000,4,0
APP-00704,West,656,,4222,371000,491000,48,0
APP-00705,North,689,42000,1908,249000,354000,109,0
APP-00706,South,644,75500,2424,200000,212000,272,0
APP-00707,West,720,64500,729,497000,631000,61,0
APP-00708,North,705,76500,1808,172000,280000,191,0
APP-00709,South,563,62000,1655,353000,426000,20,0
APP-00710,South,531,86000,143,196000,303000,19,0
APP-00711,South,648,101000,3973,281000,397000,34,0
APP-00712,East,783,81500,1652,217000,387000,82,0
APP-00713,West,702,46000,152,247000,287000,132,0
APP-00714,South,567,110000,1652,357000,513000,27,0
APP-00715,West,557,97000,2063,169000,247000,107,0
APP-00716,North,707,131000,682,175000,501000,77,0
APP-00717,West,700,63000,936,247000,317000,33,0
APP-00718,East,694,107000,1007,156000,224000,65,1
APP-00719,East,603,58500,2282,275000,298000,31,0
APP-00720,East,733,104500,1053,195000,381000,83,0
APP-00721,East,767,88500,1245,221000,436000,175,0
APP-00722,North,659,84000,2630,226000,334000,100,0
APP-00723,East,,116500,804,396000,498000,17,0
APP-00724,South,694,62500,1154,303000,560000,83,0
APP-00725,South,556,90000,1637,179000,215000,26,0
APP-00726,North,770,57000,1106,159000,245000,41,0
APP-00727,North,725,68500,2543,327000,407000,200,0
APP-00728,North,679,73000,247,179000,234000,10,0
APP-00729,West,662,97000,1726,191000,290000,115,0
APP-00730,East,746,56000,990,88000,223000,27,0
APP-00731,East,719,48500,1034,253000,460000,333,0
APP-00732,North,744,72000,1440,328000,435000,66,0
APP-00733,East,713,84000,1408,333000,388000,130,0
APP-00734,North,730,77000,281,303000,450000,28,0
APP-00735,North,722,90000,1871,282000,358000,18,0
APP-00736,South,579,68000,893,480000,543000,13,0
APP-00737,South,677,,2057,349000,436000,11,0
APP-00738,East,621,72500,1290,301000,357000,23,0
APP-00739,South,712,,767,56000,140000,300,0
APP-00740,West,,91500,874,306000,556000,60,0
APP-00741,North,812,159000,6146,326000,554000,120,0
APP-00742,South,583,71500,2861,166000,276000,1,0
APP-00743,North,691,77500,2184,191000,338000,24,0
APP-00744,East,663,136000,4889,165000,351000,24,0
APP-00745,East,702,127500,2480,199000,258000,60,0
APP-00746,East,738,109000,3138,349000,422000,7,0
APP-00747,West,680,106000,2803,123000,142000,73,0
APP-00748,West,,126500,2605,151000,290000,63,0
APP-00749,South,743,77500,946,188000,276000,250,0
APP-00750,South,676,81500,1752,286000,319000,311,0
APP-00751,West,621,111500,508,439000,566000,18,0
APP-00752,East,685,43000,401,223000,288000,180,0
APP-00753,South,809,85500,956,153000,173000,165,0
APP-00754,South,669,71500,1256,199000,251000,86,0
APP-00755,East,683,76000,669,446000,534000,131,0
APP-00756,North,734,100500,2766,299000,346000,52,0
APP-00757,South,609,60000,814,154000,351000,96,0
APP-00758,East,718,41000,1046,214000,270000,88,0
APP-00759,West,745,123000,576,161000,295000,136,0
APP-00760,West,696,99500,1445,193000,347000,121,0
APP-00761,South,757,76500,975,222000,337000,165,0
APP-00762,North,652,124000,2978,187000,325000,8,0
APP-00763,East,695,61000,259,153000,398000,45,0
APP-00764,East,698,96000,2701,108000,144000,12,0
APP-00765,West,655,87500,639,368000,629000,513,0
APP-00766,West,720,96000,1374,236000,279000,175,0
APP-00767,South,640,,1788,181000,268000,20,0
APP-00768,North,641,128500,4524,215000,249000,86,0
APP-00769,North,659,56000,1816,59000,153000,69,0
APP-00770,South,718,46500,1480,179000,304000,73,1
APP-00771,North,639,102500,1773,305000,346000,148,0
APP-00772,North,740,84500,1169,152000,327000,206,0
APP-00773,West,633,103000,3142,257000,329000,133,0
APP-00774,North,850,89000,1576,213000,385000,90,0
APP-00775,South,607,57000,1001,256000,481000,74,0
APP-00776,North,781,93500,2717,209000,249000,85,0
APP-00777,West,730,92500,1976,164000,234000,33,0
APP-00778,West,634,118500,1977,219000,258000,60,0
APP-00779,North,816,118500,2408,216000,314000,92,0
APP-00780,South,716,114000,1106,265000,378000,45,0
APP-00781,East,671,97500,3490,169000,287000,66,0
APP-00782,East,685,51000,208,69000,187000,99,0
APP-00783,North,630,97000,1812,199000,311000,45,0
APP-00784,North,698,81500,808,345000,399000,78,0
APP-00785,East,712,60000,1547,318000,376000,48,0
APP-00786,South,576,46500,711,264000,449000,89,0
APP-00787,East,654,75500,939,159000,283000,404,0
APP-00788,South,660,52000,447,530000,785000,71,0
APP-00789,North,809,42000,200,274000,607000,97,0
APP-00790,South,712,78500,1246,152000,215000,111,0
APP-00791,North,686,92500,2457,244000,306000,93,0
APP-00792,East,626,83000,1852,213000,292000,1,0
APP-00793,East,582,63500,666,210000,244000,122,0
APP-00794,East,692,69000,2076,131000,215000,1,0
APP-00795,North,641,164500,1333,214000,287000,50,0
APP-00796,North,706,123500,970,169000,324000,8,1
APP-00797,West,705,77000,2212,185000,207000,30,0
APP-00798,North,587,108500,2184,273000,414000,126,0
APP-00799,South,749,71500,1390,192000,405000,18,0
APP-00800,North,793,59500,1816,253000,410000,113,0
APP-00801,East,793,71500,1163,174000,351000,176,0
APP-00802,North,693,115000,777,267000,441000,72,0
APP-00803,West,,51000,818,217000,330000,59,0
APP-00804,South,681,82500,919,379000,402000,285,0
APP-00805,North,671,188000,1913,302000,410000,71,0
APP-00806,North,713,82000,432,198000,294000,114,0
APP-00807,East,662,68000,1602,268000,445000,72,0
APP-00808,South,714,74500,1412,121000,235000,71,0
APP-00809,West,723,53500,690,230000,415000,7,0
APP-00810,North,606,125000,778,160000,341000,4,0
APP-00811,North,700,104000,1479,250000,323000,10,0
APP-00812,South,,94000,889,245000,291000,8,0
APP-00813,South,695,76000,2202,134000,330000,71,0
APP-00814,South,541,94500,2148,230000,312000,62,0
APP-00815,North,652,,4122,194000,307000,19,0
APP-00816,North,750,71000,125,97000,171000,79,0
APP-00817,West,796,66000,1244,296000,438000,9,0
APP-00818,North,633,90500,648,228000,278000,41,0
APP-00819,West,706,126500,1709,159000,186000,40,0
APP-00820,North,693,65500,413,194000,218000,209,0
APP-00821,South,757,78500,866,340000,423000,22,0
APP-00822,North,684,89000,1684,205000,474000,50,0
APP-00823,North,690,80000,1848,639000,851000,11,0
APP-00824,South,818,68000,1829,144000,189000,10,0
APP-00825,East,689,105500,1169,242000,313000,204,0
APP-00826,West,571,65500,988,335000,398000,95,0
APP-00827,East,687,111000,522,310000,370000,138,0
APP-00828,South,685,61000,1187,191000,282000,44,0
APP-00829,East,697,127500,980,299000,421000,58,0
APP-00830,East,540,72500,451,266000,367000,61,0
APP-00831,West,,123500,1066,220000,354000,94,0
APP-00832,West,699,56500,503,415000,464000,78,0
APP-00833,North,703,58500,1528,251000,351000,116,0
APP-00834,East,814,83500,1784,227000,306000,156,0
APP-00835,South,641,43500,597,233000,347000,137,0
APP-00836,South,767,105000,1122,161000,237000,6,0
APP-00837,West,813,54500,1024,234000,316000,91,0
APP-00838,East,660,118500,2733,301000,515000,67,1
APP-00839,North,652,125500,2107,274000,356000,182,0
APP-00840,North,746,81500,1290,348000,438000,36,0
APP-00841,South,798,79500,1449,288000,393000,3,0
APP-00842,East,650,61000,982,272000,390000,132,0
APP-00843,East,668,108500,1091,186000,228000,163,0
APP-00844,South,620,55500,858,238000,361000,221,0
APP-00845,North,677,56500,1295,317000,451000,14,0
APP-00846,South,776,54000,911,218000,270000,27,0
APP-00847,South,561,100500,744,262000,399000,114,0
APP-00848,North,600,66000,546,191000,368000,91,0
APP-00849,West,729,99000,2642,282000,389000,4,0
APP-00850,East,764,79500,2556,306000,405000,108,1
APP-00851,East,713,94000,3868,287000,316000,14,0
APP-00852,South,715,61000,500,488000,595000,13,0
APP-00853,North,667,107000,2846,255000,470000,77,0
APP-00854,East,739,89000,1788,120000,251000,60,0
APP-00855,North,685,99000,1439,245000,298000,41,0
APP-00856,South,716,74500,1689,358000,424000,40,0
APP-00857,South,625,56000,924,189000,253000,29,0
APP-00858,North,748,81000,2424,296000,345000,200,0
APP-00859,West,762,81000,1046,252000,317000,14,0
APP-00860,North,794,70000,1098,264000,327000,43,0
APP-00861,West,654,71000,288,178000,307000,64,0
APP-00862,South,678,69500,1171,242000,320000,327,0
APP-00863,West,666,103000,1760,247000,323000,3,0
APP-00864,South,664,87500,1493,296000,425000,83,0
APP-00865,East,727,65500,606,211000,275000,25,1
APP-00866,South,761,98500,1054,275000,351000,20,0
APP-00867,South,734,68000,589,139000,189000,65,0
APP-00868,South,695,40500,272,275000,448000,277,0
APP-00869,East,695,83000,565,175000,194000,88,0
APP-00870,West,712,76000,2855,299000,401000,265,0
APP-00871,West,694,102500,3636,299000,532000,13,0
APP-00872,East,703,74000,1424,242000,292000,170,0
APP-00873,North,736,114000,2224,413000,521000,11,0
APP-00874,West,770,96500,3020,198000,272000,307,0
APP-00875,East,633,69000,1366,175000,272000,4,0
APP-00876,East,766,114000,2887,216000,326000,9,0
APP-00877,East,716,59000,983,258000,288000,145,0
APP-00878,West,765,46500,945,348000,482000,398,0
APP-00879,South,614,73500,3373,167000,205000,62,0
APP-00880,South,695,61000,1842,262000,344000,7,0
APP-00881,North,609,136000,1000,230000,342000,41,0
APP-00882,West,620,133000,3734,89000,216000,109,0
APP-00883,South,624,82500,138,257000,278000,17,0
APP-00884,East,717,63500,121,124000,135000,65,0
APP-00885,North,643,134000,4372,215000,302000,49,0
APP-00886,North,557,84500,4304,163000,261000,24,0
APP-00887,North,749,97500,1878,254000,337000,77,0
APP-00888,East,668,80500,1572,373000,476000,96,0
APP-00889,South,644,43500,760,331000,380000,60,0
APP-00890,East,760,80000,1422,412000,523000,102,0
APP-00891,East,684,86000,405,184000,218000,276,0
APP-00892,East,725,123000,2638,299000,441000,36,0
APP-00893,West,692,125000,4120,193000,279000,11,0
APP-00894,South,651,56000,93,224000,317000,106,0
APP-00895,South,636,50000,187,269000,437000,96,0
APP-00896,North,679,78000,2252,470000,546000,171,0
APP-00897,South,603,65500,514,353000,502000,138,0
APP-00898,North,588,109000,2058,101000,168000,30,0
APP-00899,West,766,81000,903,394000,474000,82,0
APP-00900,South,752,55000,343,318000,395000,50,0
APP-00901,West,753,127000,1018,216000,343000,68,0
APP-00902,West,792,45000,826,467000,486000,60,0
APP-00903,South,750,41000,321,213000,305000,5,0
APP-00904,South,662,61500,1458,200000,250000,202,0
APP-00905,East,579,52500,1592,226000,240000,121,0
APP-00906,East,657,95500,792,273000,379000,47,0
APP-00907,North,619,110500,3992,159000,257000,58,0
APP-00908,West,707,60000,2066,114000,208000,9,0
APP-00909,West,596,92500,2441,235000,300000,24,0
APP-00910,South,716,127500,2381,171000,386000,6,0
APP-00911,East,734,63500,420,202000,344000,24,0
APP-00912,West,760,157000,5201,305000,871000,23,0
APP-00913,South,624,132500,1531,161000,266000,145,0
APP-00914,East,662,101000,2695,109000,203000,11,0
APP-00915,North,772,80500,2086,221000,402000,108,0
APP-00916,West,,84500,3690,183000,320000,163,0
APP-00917,West,632,75000,2861,220000,353000,32,0
APP-00918,South,696,63500,731,314000,521000,23,0
APP-00919,West,696,74000,1510,346000,437000,10,0
APP-00920,West,,102500,263,162000,341000,98,0
APP-00921,South,615,73500,1621,314000,402000,14,0
APP-00922,South,707,68500,653,143000,274000,110,0
APP-00923,East,,110500,1170,178000,342000,175,0
APP-00924,North,641,63000,508,192000,287000,65,0
APP-00925,East,708,151000,663,310000,426000,42,0
APP-00926,East,715,101000,1513,176000,288000,18,0
APP-00927,South,607,62500,977,124000,208000,25,0
APP-00928,South,595,76500,1797,324000,504000,24,0
APP-00929,East,729,25500,246,318000,637000,130,0
APP-00930,East,,103500,1564,438000,524000,20,0
APP-00931,West,707,61500,384,235000,268000,48,0
APP-00932,North,761,100000,3314,457000,510000,90,0
APP-00933,West,807,96500,1698,291000,400000,35,0
APP-00934,East,614,81500,1665,135000,386000,37,0
APP-00935,North,793,128000,3396,177000,327000,59,0
APP-00936,East,596,60000,597,233000,338000,82,0
APP-00937,West,639,93000,589,214000,338000,3,0
APP-00938,North,776,42500,369,129000,254000,8,0
APP-00939,North,740,53500,512,314000,613000,234,0
APP-00940,East,610,55000,2163,201000,252000,84,1
APP-00941,East,661,,852,253000,329000,28,0
APP-00942,West,725,116000,1001,320000,432000,52,0
APP-00943,South,637,68500,1223,275000,341000,261,0
APP-00944,North,644,137000,1145,444000,567000,62,0
APP-00945,South,566,81000,958,225000,282000,183,0
APP-00946,East,,39000,978,203000,276000,8,0
APP-00947,West,661,178000,1632,373000,466000,2,0
APP-00948,South,727,75000,1407,281000,463000,179,0
APP-00949,East,631,93500,1412,223000,298000,173,0
APP-00950,North,726,75000,2426,147000,204000,44,0
APP-00951,East,751,61000,2086,208000,243000,21,0
APP-00952,East,755,64500,2773,104000,208000,40,0
APP-00953,East,647,78000,551,345000,532000,36,0
APP-00954,South,743,76500,2652,308000,445000,51,0
APP-00955,North,687,68000,1340,399000,456000,63,0
APP-00956,North,702,71500,1076,298000,418000,4,0
APP-00957,West,665,79000,2448,257000,569000,33,0
APP-00958,South,595,90000,755,276000,401000,14,0
APP-00959,West,695,55500,1471,173000,407000,78,0
APP-00960,West,776,159000,1456,317000,382000,94,0
APP-00961,North,622,103000,911,243000,266000,338,0
APP-00962,North,748,130500,218,295000,411000,54,0
APP-00963,North,711,125000,1530,227000,281000,38,0
APP-00964,East,746,95000,3241,243000,694000,4,0
APP-00965,East,544,111500,903,126000,250000,152,0
APP-00966,West,689,218500,1959,167000,173000,43,0
APP-00967,East,620,108000,4778,123000,206000,118,0
APP-00968,South,669,103500,2674,234000,353000,29,0
APP-00969,East,797,,1445,125000,237000,11,0
APP-00970,West,705,75000,3336,277000,359000,111,0
APP-00971,North,663,131000,3316,130000,204000,57,0
APP-00972,North,693,89500,2958,370000,587000,3,0
APP-00973,East,747,62500,684,223000,259000,17,0
APP-00974,North,745,39000,520,201000,256000,154,0
APP-00975,East,686,62000,889,182000,259000,86,0
APP-00976,North,601,85500,754,198000,218000,176,0
APP-00977,South,650,51500,948,224000,386000,4,0
APP-00978,East,786,106000,680,176000,349000,74,0
APP-00979,North,768,116000,1029,209000,301000,104,0
APP-00980,North,662,80500,1638,220000,485000,93,0
APP-00981,North,696,109500,1281,375000,438000,116,0
APP-00982,East,671,148000,597,126000,247000,103,0
APP-00983,West,718,85000,1637,535000,605000,15,0
APP-00984,East,753,94500,1602,169000,246000,2,0
APP-00985,North,631,87500,1333,151000,284000,9,0
APP-00986,North,751,108500,1815,90000,113000,97,0
APP-00987,South,607,37000,822,295000,438000,16,0
APP-00988,West,776,108500,1958,195000,295000,18,0
APP-00989,South,725,85500,961,295000,339000,180,0
APP-00990,South,636,56500,802,365000,552000,112,0
APP-00991,North,763,90000,2731,127000,322000,5,0
APP-00992,South,640,81500,2442,268000,528000,69,0
APP-00993,West,763,88000,542,206000,274000,97,1
APP-00994,North,634,88500,1663,276000,315000,87,0
APP-00995,East,618,99500,1461,338000,382000,65,0
APP-00996,North,624,74000,2208,75000,179000,91,0
APP-00997,West,697,86000,1914,130000,269000,8,0
APP-00998,West,807,85500,330,232000,340000,58,0
APP-00999,North,760,103000,1780,170000,299000,16,0
APP-01000,North,669,47500,1606,220000,284000,3,0
APP-01001,South,603,49500,835,182000,520000,168,1
APP-01002,East,733,84500,2941,306000,343000,67,0
APP-01003,West,731,131500,2695,117000,211000,24,0
APP-01004,East,722,147000,2430,175000,268000,94,0
APP-01005,North,767,79500,335,452000,521000,155,0
APP-01006,South,638,56000,955,301000,384000,256,0
APP-01007,North,738,88000,1603,95000,214000,70,0
APP-01008,West,626,109000,656,145000,196000,7,0
APP-01009,South,778,96000,1768,253000,289000,35,0
APP-01010,East,701,78500,1074,184000,238000,70,0
APP-01011,East,778,116500,2272,160000,230000,15,0
APP-01012,North,754,105000,5347,227000,320000,123,0
APP-01013,North,834,62500,1516,316000,362000,139,0
APP-01014,South,589,66500,2287,182000,289000,20,0
APP-01015,West,751,94500,349,196000,247000,32,0
APP-01016,West,617,75500,3146,324000,360000,19,0
APP-01017,East,753,108000,3278,253000,310000,28,0
APP-01018,South,625,60500,1593,137000,241000,26,0
APP-01019,North,689,79500,2129,140000,214000,179,0
APP-01020,West,709,59000,920,267000,358000,82,0
APP-01021,East,758,46500,1101,205000,306000,17,0
APP-01022,West,650,93500,4939,284000,368000,12,0
APP-01023,South,633,77000,846,236000,370000,7,0
APP-01024,North,731,130500,3626,241000,459000,7,0
APP-01025,West,678,144000,4318,403000,580000,180,0
APP-01026,West,758,244500,570,302000,414000,30,0
APP-01027,East,635,106500,2609,337000,480000,72,0
APP-01028,North,569,75500,2258,371000,425000,57,0
APP-01029,North,652,92000,2340,234000,411000,49,0
APP-01030,North,711,50500,1573,112000,201000,56,0
APP-01031,East,754,72500,978,89000,167000,143,0
APP-01032,North,741,98000,199,235000,302000,56,0
APP-01033,West,681,108000,821,219000,259000,11,0
APP-01034,North,648,72500,2786,346000,474000,16,0
APP-01035,North,772,105000,5707,222000,382000,190,0
APP-01036,East,597,71000,2833,181000,209000,87,0
APP-01037,North,786,108500,772,247000,260000,17,0
APP-01038,South,738,84500,2671,320000,598000,46,0
APP-01039,East,631,78000,1013,261000,309000,4,0
APP-01040,South,651,66500,1478,189000,273000,88,0
APP-01041,East,705,114500,2917,168000,284000,92,0
APP-01042,South,711,98500,3960,344000,392000,45,0
APP-01043,East,612,83500,2747,305000,418000,24,0
APP-01044,South,605,71000,1921,157000,247000,152,0
APP-01045,North,764,104500,976,227000,370000,432,0
APP-01046,West,725,154000,4578,410000,602000,29,0
APP-01047,East,674,84500,2283,296000,354000,84,0
APP-01048,East,746,83500,1282,158000,218000,78,0
APP-01049,South,667,71000,367,334000,360000,175,0
APP-01050,North,747,70000,508,218000,297000,149,0
APP-01051,North,727,72000,2751,233000,258000,2,0
APP-01052,North,725,93000,5052,202000,295000,8,0
APP-01053,East,748,87500,3128,189000,449000,20,0
APP-01054,North,619,56500,2683,339000,486000,7,0
APP-01055,East,778,60500,803,187000,329000,11,0
APP-01056,North,737,,1116,268000,383000,18,0
APP-01057,South,687,53500,1246,160000,210000,49,0
APP-01058,South,749,65000,1156,295000,330000,74,1
APP-01059,South,636,111000,2160,278000,445000,209,0
APP-01060,West,655,68000,2137,509000,550000,149,0
APP-01061,South,618,30000,322,215000,243000,51,0
APP-01062,East,729,95500,3504,163000,372000,57,1
APP-01063,West,716,50500,1664,222000,467000,5,0
APP-01064,East,726,95000,813,180000,243000,100,0
APP-01065,South,,46000,368,246000,483000,34,0
APP-01066,North,642,101500,894,320000,370000,141,0
APP-01067,South,656,113000,1100,201000,263000,38,0
APP-01068,West,667,108500,1680,112000,183000,1,0
APP-01069,West,711,52500,1008,313000,410000,96,0
APP-01070,West,717,80000,763,266000,329000,107,0
APP-01071,North,818,158500,586,317000,387000,3,0
APP-01072,North,567,115000,2758,226000,350000,121,0
APP-01073,East,698,130500,1258,122000,210000,9,0
APP-01074,West,718,74500,934,90000,214000,121,0
APP-01075,North,690,52500,697,325000,398000,97,0
APP-01076,North,667,58000,306,141000,402000,134,0
APP-01077,South,812,97500,2514,203000,355000,193,0
APP-01078,South,604,44500,739,180000,236000,17,0
APP-01079,West,691,95000,667,115000,249000,20,0
APP-01080,North,764,93000,1178,257000,378000,94,0
APP-01081,South,713,47000,821,120000,295000,69,0
APP-01082,East,727,86000,2049,230000,327000,35,0
APP-01083,East,670,132000,879,233000,345000,69,0
APP-01084,West,729,95000,2924,200000,393000,100,0
APP-01085,East,732,81000,245,275000,385000,4,0
APP-01086,East,732,89000,1203,184000,248000,155,0
APP-01087,North,751,108500,1001,161000,284000,84,0
APP-01088,South,711,67000,1095,164000,380000,66,0
APP-01089,East,542,63000,105,226000,390000,325,0
APP-01090,North,634,95500,2335,467000,540000,92,0
APP-01091,East,648,80000,1396,196000,336000,16,0
APP-01092,East,668,49000,970,297000,446000,114,1
APP-01093,South,692,43500,1167,318000,343000,239,0
APP-01094,North,850,91500,3156,158000,342000,275,0
APP-01095,North,635,103000,1138,145000,183000,189,0
APP-01096,South,683,57500,155,393000,472000,52,0
APP-01097,West,640,73500,1331,248000,366000,52,0
APP-01098,West,653,80500,2682,427000,454000,13,0
APP-01099,South,610,77000,1009,328000,472000,2,0
APP-01100,West,650,65500,701,194000,335000,81,0
APP-01101,North,676,117000,1653,276000,349000,24,0
APP-01102,South,635,46000,1095,153000,310000,48,0
APP-01103,East,622,117500,4709,215000,241000,221,0
APP-01104,North,685,50000,798,326000,447000,37,0
APP-01105,West,692,138500,1187,262000,418000,5,1
APP-01106,East,720,118500,1637,191000,422000,25,0
APP-01107,North,735,114500,3044,283000,382000,58,0
APP-01108,West,769,106500,178,102000,291000,17,0
APP-01109,East,725,60500,1715,173000,251000,78,0
APP-01110,East,606,97000,2682,103000,143000,50,0
APP-01111,North,712,64000,586,207000,363000,268,0
APP-01112,West,612,183500,7678,236000,271000,121,0
APP-01113,North,740,69500,1677,238000,433000,224,0
APP-01114,East,683,101000,1401,113000,239000,10,0
APP-01115,North,751,95500,409,164000,227000,138,0
APP-01116,South,732,92000,1894,376000,489000,19,0
APP-01117,East,686,53500,677,236000,290000,43,0
APP-01118,East,656,120500,3792,593000,665000,91,0
APP-01119,West,660,77000,2027,544000,693000,8,0
APP-01120,South,576,80500,2404,301000,352000,227,0
APP-01121,North,640,171500,6195,177000,212000,133,1
APP-01122,East,699,80500,1660,277000,496000,131,0
APP-01123,North,699,94000,1778,273000,313000,14,0
APP-01124,West,685,114500,2285,178000,309000,48,0
APP-01125,East,691,82000,2515,230000,290000,37,0
APP-01126,South,576,78500,642,64000,108000,11,0
APP-01127,South,577,57000,600,189000,345000,97,0
APP-01128,East,800,56500,2176,211000,306000,144,0
APP-01129,South,597,80000,1972,278000,309000,30,0
APP-01130,South,710,60500,214,308000,411000,156,0
APP-01131,East,740,83000,1355,193000,278000,72,0
APP-01132,North,739,171500,4103,258000,350000,1,0
APP-01133,West,665,148500,725,199000,353000,22,0
APP-01134,West,615,185500,5243,393000,429000,179,0
APP-01135,South,561,58000,1883,518000,577000,78,0
APP-01136,West,736,68500,548,343000,425000,13,0
APP-01137,West,694,80500,2210,206000,320000,249,0
APP-01138,South,608,82500,1564,273000,416000,7,0
APP-01139,East,739,81000,1277,338000,550000,77,0
APP-01140,South,704,68500,1616,107000,230000,90,0
APP-01141,South,584,58500,1235,163000,201000,174,0
APP-01142,East,661,61500,358,186000,418000,92,0
APP-01143,West,652,121000,672,325000,490000,129,0
APP-01144,South,709,61500,1535,251000,384000,26,1
APP-01145,East,788,94500,1219,344000,433000,137,0
APP-01146,South,629,46000,985,117000,311000,3,0
APP-01147,East,749,71000,3435,392000,511000,36,0
APP-01148,North,,56500,753,173000,175000,21,0
APP-01149,East,729,86500,3193,179000,261000,38,0
APP-01150,North,728,99500,1373,443000,527000,110,0
APP-01151,West,728,61500,1162,245000,273000,2,0
APP-01152,North,704,126500,211,323000,500000,123,0
APP-01153,East,712,104500,3867,550000,568000,40,0
APP-01154,West,675,102000,2210,268000,404000,19,0
APP-01155,South,719,102500,265,342000,439000,515,0
APP-01156,North,706,90000,832,275000,322000,19,0
APP-01157,East,696,50500,1365,297000,392000,1,0
APP-01158,North,742,86000,2871,224000,281000,16,0
APP-01159,North,714,55500,829,250000,283000,1,0
APP-01160,North,699,120500,1154,311000,507000,75,0
APP-01161,East,684,50500,731,279000,330000,59,1
APP-01162,South,551,50500,1078,258000,526000,120,0
APP-01163,South,797,61500,1600,308000,483000,211,0
APP-01164,South,669,70500,1817,214000,269000,14,0
APP-01165,South,688,48000,374,257000,356000,45,0
APP-01166,North,699,72000,758,305000,369000,65,0
APP-01167,South,601,40000,655,259000,337000,37,0
APP-01168,East,737,97000,1232,149000,209000,169,0
APP-01169,North,681,131500,7377,251000,383000,32,0
APP-01170,South,678,74500,336,228000,383000,69,0
APP-01171,East,661,58000,2586,168000,235000,52,0
APP-01172,North,746,51500,108,334000,391000,14,0
APP-01173,East,732,56000,410,196000,241000,34,0
APP-01174,North,678,69000,2665,304000,495000,23,0
APP-01175,East,705,113500,2527,199000,293000,247,0
APP-01176,South,588,58500,970,357000,401000,94,0
APP-01177,South,745,41500,257,117000,261000,20,0
APP-01178,South,607,63000,528,267000,384000,274,0
APP-01179,South,604,45000,1160,145000,212000,1,0
APP-01180,South,656,40000,623,219000,257000,61,0
APP-01181,East,659,141000,1577,288000,390000,13,0
APP-01182,West,643,97500,2025,170000,351000,259,0
APP-01183,North,709,73000,640,230000,295000,84,0
APP-01184,South,677,66000,883,229000,264000,157,0
APP-01185,West,651,105000,2061,146000,199000,52,0
APP-01186,North,761,78000,852,198000,202000,44,0
APP-01187,North,710,89000,983,180000,325000,1,0
APP-01188,East,667,76000,1238,314000,452000,6,0
APP-01189,East,664,85000,2702,246000,270000,8,0
APP-01190,East,731,90500,2911,375000,523000,88,0
APP-01191,North,602,117000,323,360000,471000,41,0
APP-01192,West,684,148500,1710,158000,195000,39,0
APP-01193,West,744,74500,933,278000,347000,34,0
APP-01194,North,,55000,1496,147000,209000,49,0
APP-01195,West,669,86000,1522,253000,333000,2,0
APP-01196,South,655,40500,1098,188000,247000,232,0
APP-01197,North,744,72000,1613,229000,503000,125,0
APP-01198,North,812,82500,2079,237000,359000,28,0
APP-01199,East,572,61500,854,197000,318000,35,0
APP-01200,East,759,88000,989,165000,280000,151,0
